gene_id,outer_sequence,inner_sequence,Genome wide expression rank,
BCL11A,AGAGAAAGCCCGCTTTAGTCA,GTCTCGTGGGCTCGGAGATGTGTATAAGAGACAGTGCTTATGTGCCCTGTTCAA,25559,
CDX2,AGGAAAGGCTTGGCTGGTGT,GTCTCGTGGGCTCGGAGATGTGTATAAGAGACAGGATGAAGAAGGGGGTGGGGG,30791.5,
CDYL,CCAAGAGTGCCCTGTGTGGA,GTCTCGTGGGCTCGGAGATGTGTATAAGAGACAGCGCGGAGAGCTGTACAGTGT,5825.5,
COL5A2,AGACTGGAGATAGGCAGGGCT,GTCTCGTGGGCTCGGAGATGTGTATAAGAGACAGACCAGAACATGTAGGTCCCCT,21105,
CSF3,TGGGGTCCCACGAATTTGCT,GTCTCGTGGGCTCGGAGATGTGTATAAGAGACAGAGGTGCCTGGACATTTGCCT,NA,NA: Not expressed in K562 cells
DBH,TCGCCTGGGAAATTGCTCCA,GTCTCGTGGGCTCGGAGATGTGTATAAGAGACAGGAACAGACCGGGGTGGAGTC,NA,
DNASE1L2,ACTCAGACTGCGCCTACGAC,GTCTCGTGGGCTCGGAGATGTGTATAAGAGACAGGGCTCTGAGGAATGGCCCAA,13034.5,
DPPA5,AATGCCCTCGAACTAGGCCC,GTCTCGTGGGCTCGGAGATGTGTATAAGAGACAGGGTTGTGGCCAGAGCTAGAGT,NA,
EBF3,TCAGCAGGTCACAGTCTGGC,GTCTCGTGGGCTCGGAGATGTGTATAAGAGACAGCATGGACGCACTGAGAACGC,30791.5,
ELAVL2,CTGTGAGGCGCGTGCTAAAG,GTCTCGTGGGCTCGGAGATGTGTATAAGAGACAGGGCATTGATGAGAGGGCATGC,30791.5,
ESR2,AGTGAAACAAGTGAGCCACGT,GTCTCGTGGGCTCGGAGATGTGTATAAGAGACAGTGATGGCGGTGGTGGTTACA,13686,
ESRRB,TGTTGCTGCGAGTGACCTCA,GTCTCGTGGGCTCGGAGATGTGTATAAGAGACAGTGGCCAGATGAGGACCCTCT,10236.5,
FBXO15,TGGCCTCTCGTGGAAAACTGA,GTCTCGTGGGCTCGGAGATGTGTATAAGAGACAGCGTGGAGCTGGTGTGGATCA,16955.5,
GHRH,TCCCCCTTTGACCCTCAGGA,GTCTCGTGGGCTCGGAGATGTGTATAAGAGACAGGATTCCTCCTGTGACCCGGG,NA,
GLTP,ACCAACCAGCAAGCCCTTGA,GTCTCGTGGGCTCGGAGATGTGTATAAGAGACAGACGCCTCACTGCCTTAACCT,8823,
HMGCLL1,TGGTGCTTTGCTTACCCACA,GTCTCGTGGGCTCGGAGATGTGTATAAGAGACAGAGGGATGAGGAGCAGGAGGA,NA,
IKZF4,TGTCAGTGTCCAAGCTGCAGA,GTCTCGTGGGCTCGGAGATGTGTATAAGAGACAGACCCCTTCACCTCCTCCTCT,7046.5,
KCNE1L,GAGGAGTGCTCAACGGGGAG,GTCTCGTGGGCTCGGAGATGTGTATAAGAGACAGAGTGTCTGCTTCATCCGTGGA,NA,
KCNJ2,ATTTGATGAGTTCTGTCCCGT,GTCTCGTGGGCTCGGAGATGTGTATAAGAGACAGCCATCCCCAACCCTCAGCAA,27456.5,
KLF4,TGGTGCTTGGTGAGTCTTGGT,GTCTCGTGGGCTCGGAGATGTGTATAAGAGACAGGCACTGTGGTTTCAGATGTGCA,17127,
LDB2,TCCATTGGTTTTGTGGGCAGT,GTCTCGTGGGCTCGGAGATGTGTATAAGAGACAGCGTTTTTGGGCAACTCCAGTGT,19554.5,
LEFTY1,GCTGGCGATGACTGAACTGC,GTCTCGTGGGCTCGGAGATGTGTATAAGAGACAGCCTGTCACTGGATCTGGGCT,27456.5,
LEFTY2,CTGGTTCTGACAGGGCCACA,GTCTCGTGGGCTCGGAGATGTGTATAAGAGACAGGACAGCCCCTACCTACCCCT,20626.5,
LYPD4,GTGTGGGCGAGCACATGAAG,GTCTCGTGGGCTCGGAGATGTGTATAAGAGACAGGGGTGTCGTCTTAGGCCTCC,NA,
NANOG,TGGGATTGGGAGGCTTTGCT,GTCTCGTGGGCTCGGAGATGTGTATAAGAGACAGGGTCTCGTATTTGCTGCATCGT,24507.5,
NPFF,AATAGACGGGGGCTGTGCTG,GTCTCGTGGGCTCGGAGATGTGTATAAGAGACAGATGAATGGCTGAGTCCCCGG,NA,
OAS3,AGAGGGCCTCCTTGGTGGTA,GTCTCGTGGGCTCGGAGATGTGTATAAGAGACAGAGCTCTCACCCTTCTAAAGTGT,11841.5,
OSCAR,ATCCCAGCACTGCCGTCTAC,GTCTCGTGGGCTCGGAGATGTGTATAAGAGACAGATGGGCGGGGACAATAAGGG,20863,
OTX2,CCTTTGGCTGGAGGTGAGCT,GTCTCGTGGGCTCGGAGATGTGTATAAGAGACAGACTGTTGGTAAGCCTAGCAGT,NA,
PDE3A,GCAAAAGGCATGAGACTCAGG,GTCTCGTGGGCTCGGAGATGTGTATAAGAGACAGCGGGCTCTCCATTGTCCTCA,27456.5,
PGM2L1,ACAAGAGCCACTCAAGCAAG,GTCTCGTGGGCTCGGAGATGTGTATAAGAGACAGTGCCTCATTGAATATGCCAGGT,9404,
POU5F1,TGGCTTTTTGCTTTCCCACCC,GTCTCGTGGGCTCGGAGATGTGTATAAGAGACAGTCACCCCAACCAGAAACTTCT,27456.5,
RNF122,GGACCCACGGTGCTATCCAT,GTCTCGTGGGCTCGGAGATGTGTATAAGAGACAGAAAAGGGGTGTGGGGATGGG,20211,
ROBO3,GAGGCCTGGCTCCCATACAG,GTCTCGTGGGCTCGGAGATGTGTATAAGAGACAGCCAGGACAGAAACGCCGAGA,16040.5,
SERPINF2,AGGGCTGCCTTTGGACTTGT,GTCTCGTGGGCTCGGAGATGTGTATAAGAGACAGCCTACCCCCTGTGCCTTGTC,30791.5,
SLC16A8,TGAGGACGCTGAGGCTGAAG,GTCTCGTGGGCTCGGAGATGTGTATAAGAGACAGACTGCCTCCCTCATCTGTGC,NA,
SLC30A6,ATGGAGTTTCCTCTCTGGTTTT,GTCTCGTGGGCTCGGAGATGTGTATAAGAGACAGAGAATTCCTTCAAGGCGCCG,6354,
SMG5,TGAAGGGGCTGGCTTTTGGA,GTCTCGTGGGCTCGGAGATGTGTATAAGAGACAGGGCTGGGAGGATAGCACAGG,6003.5,
SOX2,TGGCGAACCATCTCTGTGG,GTCTCGTGGGCTCGGAGATGTGTATAAGAGACAGAGCTTTTGTTCGATCCCAACT,30791.5,
SPP1,AGTGCATCTTCTGAGGTCAAT,GTCTCGTGGGCTCGGAGATGTGTATAAGAGACAGTGGCTTCATGGAAACTCCCTGT,NA,
THRB,TGACCTTTTGCTGCATGAGTCA,GTCTCGTGGGCTCGGAGATGTGTATAAGAGACAGCTTTGCCCTTTCCAACGGCT,7346,
TP53,CTGGAGTGGAGTGGCGTGAT,GTCTCGTGGGCTCGGAGATGTGTATAAGAGACAGTTGCCCAGGCTGGTCTCAAA,12446,
TPO,ACCATCGAGGCAGCACTGAA,GTCTCGTGGGCTCGGAGATGTGTATAAGAGACAGTTTTCCCTAGGTGCCAGGCC,30791.5,
UPP1,AGATTGTCCTGGGGAAGCGG,GTCTCGTGGGCTCGGAGATGTGTATAAGAGACAGTGTGTCACCCTCCTGAACCG,11491.5,
UTF1,CCACCTGCATCCCCGAGG,GTCTCGTGGGCTCGGAGATGTGTATAAGAGACAGCGCCTTCGACCAGACAGTGT,13797,
ZDHHC18,GGTGTTTCTGCCAAACGGGG,GTCTCGTGGGCTCGGAGATGTGTATAAGAGACAGCCCTCCTTGGCCCTTCAAGT,8009.5,
ZDHHC22,GCCTAGGCTGCCTCAATGGA,GTCTCGTGGGCTCGGAGATGTGTATAAGAGACAGAGGAGGGGAAGATCTGGGCA,NA,
ZFP42,TGCATACGCCTGTGTTCCCA,GTCTCGTGGGCTCGGAGATGTGTATAAGAGACAGAGCCCTAGAGAATGAAAAATTTGCAGT,22341,
