gene_id,outer_sequence,inner_sequence,ESC rank,Neutrophil rank,3T3 rank,Lung rank,Gene class
1110038F14Rik,GGCCTCGTCCTGCAGAAAGA,GTCTCGTGGGCTCGGAGATGTGTATAAGAGACAGCCTACATGCTGGACCGCTCA,3378.5,2809,2101,2405.5,Low variance
4930453N24Rik,AGGAAGTTCCCTTGCTCCTGA,GTCTCGTGGGCTCGGAGATGTGTATAAGAGACAGTGAGCACTGTACCTCTGCTTGAA,3649,2927,3244.5,4230.5,Low variance
Aamp,GCTTACTGACTACCGGGGCC,GTCTCGTGGGCTCGGAGATGTGTATAAGAGACAGCCCCTTCAGCTGACCTGCTT,1083.5,1567,1062,1163,Low variance
Abhd11,GTAGAGGTGGGTGGGCGATT,GTCTCGTGGGCTCGGAGATGTGTATAAGAGACAGACTGGGTCCACAGCGACAAA,3378.5,3042.5,4189,3667,Low variance
Acot7,CTCACAAAAGCGCTACCGGG,GTCTCGTGGGCTCGGAGATGTGTATAAGAGACAGGCCAAACCCCCGATTTCCAC,2554,2404,3206,3341,Low variance
Actr1a,CCTTGCGAGGGAGGTGTGTT,GTCTCGTGGGCTCGGAGATGTGTATAAGAGACAGCCTCACCCGTGACACCAAGT,2157,3042.5,3882,3519.5,Low variance
Add1,AAAGGGCTTAGTGGGGAGCG,GTCTCGTGGGCTCGGAGATGTGTATAAGAGACAGACGGTGGCCTGAGCTCTTAC,1742,3087.5,2076,2245,Low variance
Agpat5,GTGTCCTCCAGTGGTGCTGT,GTCTCGTGGGCTCGGAGATGTGTATAAGAGACAGTGGAGCCACACTGTTGGTACA,2554,3004.5,4359,2628.5,Low variance
Anapc4,GCAGCATTATCCCCACACGC,GTCTCGTGGGCTCGGAGATGTGTATAAGAGACAGGCGGGAAGCCTGTGAAGATC,2916,3940.5,2869,3927,Low variance
Anapc5,CTTGGCCTCCGAAACTGTGC,GTCTCGTGGGCTCGGAGATGTGTATAAGAGACAGGCGCATCAGGGATGTTGCTT,536,1095.5,395,945.5,Low variance
Anxa1,CCATGAAGGGTGCCGGAACT,GTCTCGTGGGCTCGGAGATGTGTATAAGAGACAGTCCTTCGATGGCATGGGCTT,10630.5,14,239,288,Cell type marker
Apoe,CCTCTGGTGGAGCAAGGTCG,GTCTCGTGGGCTCGGAGATGTGTATAAGAGACAGCCAGCAAATACGCCTGCAGG,79,612.5,11442.5,8,Cell type marker
Apopt1,AGGCTTGCGGACTGAGTCAG,GTCTCGTGGGCTCGGAGATGTGTATAAGAGACAGCCCTGGACACTAAGCGAGCA,3970.5,3439,2736,2892,Low variance
Arcn1,TCCCAGGTATTGTGCCTCTGT,GTCTCGTGGGCTCGGAGATGTGTATAAGAGACAGATCCTGAAGCCTGCCCTTTGT,2280.5,3493,1700.5,2731,Low variance
Arhgdia,GCAGGGTAGGGTGCCTCATT,GTCTCGTGGGCTCGGAGATGTGTATAAGAGACAGACAAAGCCAGCCGAGCCTTA,327.5,511.5,578,475,Low variance
Arhgef2,CATTGACCGTCAGGGGGCTC,GTCTCGTGGGCTCGGAGATGTGTATAAGAGACAGGCAACCCTAATGTCCACCAGC,3378.5,3134,3101,2797.5,Low variance
Armc1,TGGAAGGAGGGTGTTGAAGGC,GTCTCGTGGGCTCGGAGATGTGTATAAGAGACAGTTGCTGCCAGAACCAGACGT,2916,3226.5,3304.5,2900.5,Low variance
Arpc1a,GCCACTACTGAGGACCGCAA,GTCTCGTGGGCTCGGAGATGTGTATAAGAGACAGGAACAGGACTGAGCGCCTCT,1509.5,1702,779,1894.5,Low variance
Aspscr1,CAGGTGTATGTCCCGGGCTT,GTCTCGTGGGCTCGGAGATGTGTATAAGAGACAGCCAGCCAGCAAGAGGTGAGA,1742,2745.5,2653,2576.5,Low variance
Atp5j2,GTGAGTGCCGCTGAAGGAGA,GTCTCGTGGGCTCGGAGATGTGTATAAGAGACAGCTGAAGAGGGGTCGCTGGAG,122,293,277,339,Low variance
Atp5k,CAAAATGGTGCCCCCGGTTC,GTCTCGTGGGCTCGGAGATGTGTATAAGAGACAGACCTAAAACCCCGGGCAGAG,426,573.5,829.5,705,Low variance
Atp5mpl,CCAAGAGTGTCCGGGACTCC,GTCTCGTGGGCTCGGAGATGTGTATAAGAGACAGAGGAGTGGGGTTAATGAGCCT,135.5,17177.5,18330,18957.5,Cell type marker
BC003965,TAGGCAGCCGTCCTTTCGTT,GTCTCGTGGGCTCGGAGATGTGTATAAGAGACAGTTTGCCGAACACCAATGCCC,2034.5,2654,2067,2838.5,Low variance
BC005537,AGGTGAAAGCTTCCCGGCTA,GTCTCGTGGGCTCGGAGATGTGTATAAGAGACAGTGGAGAGATTTGCCCAAGATCGT,1441.5,2404,2653,2135.5,Low variance
Cab39,TGGGCTAACACAGAGAGCGG,GTCTCGTGGGCTCGGAGATGTGTATAAGAGACAGCACACATTGGAAGCTGAGGGC,4350,3004.5,3769.5,3819.5,Low variance
Canx,TGTGGAATGCAGATGGGTGCT,GTCTCGTGGGCTCGGAGATGTGTATAAGAGACAGCTCCAGAGGTGGTCCAGTTGT,583.5,903.5,736.5,624,Low variance
Cd52,GGTTCAAAGTGGCCTGCAGAC,GTCTCGTGGGCTCGGAGATGTGTATAAGAGACAGGGGGCCTCATCCATCATCGA,8665.5,36,12865,9147,Cell type marker
Cd81,GGGGGACATGGCCTGTGTAT,GTCTCGTGGGCTCGGAGATGTGTATAAGAGACAGGTGGGATGTAGGGGTGGAGC,856.5,422,172,13,Cell type marker
Cdk5rap3,GCAGAAGCTGAAGCAGTCGC,GTCTCGTGGGCTCGGAGATGTGTATAAGAGACAGGGCCGTCCTGTGAACCTGAT,2157,2927,2299.5,2389,Low variance
Cebpzos,TGGGTGTCGCTGGAGCTTAC,GTCTCGTGGGCTCGGAGATGTGTATAAGAGACAGGCTCCCTGACCGTAACTGCA,2916,2188.5,2575.5,3132,Low variance
Cers5,TGACTCGGTTGGGGCACAAT,GTCTCGTGGGCTCGGAGATGTGTATAAGAGACAGTGCTGTCACCAGACTCAGCTC,3135.5,2885.5,3044.5,2586.5,Low variance
Chd1,GCGCTACATGCCTTTGTGG,GTCTCGTGGGCTCGGAGATGTGTATAAGAGACAGACTAAGATGCACGGACAGCGT,2280.5,2511,3954,3329,Low variance
Chtop,TGTTGGTATTGCTACTGGGCCA,GTCTCGTGGGCTCGGAGATGTGTATAAGAGACAGGCAGCTGTTGGTGTAGCACA,1215.5,2103,2024,2467,Low variance
Cisd1,GGTGCATGCCTTCGACATGG,GTCTCGTGGGCTCGGAGATGTGTATAAGAGACAGGGCCTCCCCGGTTCTAGATG,1257,1931,2742.5,2009,Low variance
Copg1,GAGGCCTGCACCTTTAAGCC,GTCTCGTGGGCTCGGAGATGTGTATAAGAGACAGCTGTCCCCCACCTTCCATCC,1931,3330.5,1588,1941,Low variance
Cops5,AGATTTTGGCGTGCACTGCA,GTCTCGTGGGCTCGGAGATGTGTATAAGAGACAGAGCAGTCGGAAGCCCAACTG,885.5,1509,1248,2918.5,Low variance
Cox6c,AGAACCGGGAAGGACGTTGG,GTCTCGTGGGCTCGGAGATGTGTATAAGAGACAGTCATTGCTGACCTGCGCTCC,88,191,256,175,Low variance
Csnk1a1,GCTGGAGCTGGAATCCGTTGA,GTCTCGTGGGCTCGGAGATGTGTATAAGAGACAGAAGGCTCCATCCACAGTGGC,474,1358.5,594,628,Low variance
Cst3,GGATGTGGAGATGGGCCGAA,GTCTCGTGGGCTCGGAGATGTGTATAAGAGACAGCCAGATCTACAGCGTGCCCT,1130,151.5,106,7,Cell type marker
Ctnnbl1,CAATGCAGGTGGCCGACAAG,GTCTCGTGGGCTCGGAGATGTGTATAAGAGACAGATGTCCCCCAGATTCGCCAG,2726,3134,4437,4161.5,Low variance
Cul1,TGGAGCGAGTCGATGGTGAG,GTCTCGTGGGCTCGGAGATGTGTATAAGAGACAGGGGAACCGAACCTTCCATGC,1441.5,2135.5,1564,2221.5,Low variance
Dda1,ATGCCCTGGCCAGAATCCTC,GTCTCGTGGGCTCGGAGATGTGTATAAGAGACAGGTTCCTGCAGGTGGGCCATA,1378.5,2025.5,2115.5,2233.5,Low variance
Ddx6,GTGGTTCTTGGGGAGGGGTG,GTCTCGTGGGCTCGGAGATGTGTATAAGAGACAGGGACCAGTTCCACTTTGAGCAG,1742,2968.5,1323,2414.5,Low variance
Dgcr6,GCTGACGCTGCAGATGAACC,GTCTCGTGGGCTCGGAGATGTGTATAAGAGACAGCTGTGTGGGGGCTACTGTCC,3378.5,3134,1966.5,2428,Low variance
Dlk1,ACCGTGGCCATCGTCTTTCT,GTCTCGTGGGCTCGGAGATGTGTATAAGAGACAGTCTAAGCAGCGTTCCCCACC,10630.5,17177.5,5,11988,Cell type marker
Dohh,CGGCCACCACCCTAACCTAG,GTCTCGTGGGCTCGGAGATGTGTATAAGAGACAGTGGGAAAGTTGTGGGGGCAA,2157,3439,2379.5,2825,Low variance
Dpf2,TGCCCCCATCCTTAGTCCCT,GTCTCGTGGGCTCGGAGATGTGTATAAGAGACAGCCCTTTCCTTGCACGCTAGC,2916,3226.5,2648.5,3225.5,Low variance
Dynll2,GGTGGGTGGGGGTTGTCATT,GTCTCGTGGGCTCGGAGATGTGTATAAGAGACAGGCCCTTCCTGTGTGTTGAGC,1931,3439,1790.5,2202.5,Low variance
Edf1,GAGAAGCCGCAAGTCATCGC,GTCTCGTGGGCTCGGAGATGTGTATAAGAGACAGGGGGGAAGGACATCGGGAAG,447,447.5,444,433,Low variance
Efr3a,TGGCAGGTACGGGTTACTCA,GTCTCGTGGGCTCGGAGATGTGTATAAGAGACAGGATCCTGTGCGTTCTGCTGC,2916,4094,2284,3178.5,Low variance
Eif3f,CGTGTTTTAGCCCCAACCGG,GTCTCGTGGGCTCGGAGATGTGTATAAGAGACAGGTGGGCCGCTTCTTGATGAG,107.5,264,216,562,Low variance
Eif4g2,GGACCTTCTTTGCTGCCAGTT,GTCTCGTGGGCTCGGAGATGTGTATAAGAGACAGAATCCTTGAGCCTGGGCAAGT,166.5,551,479,728,Low variance
Exosc4,AGACCTTCGAGGCAGCCATC,GTCTCGTGGGCTCGGAGATGTGTATAAGAGACAGATGCGGGACTTTGTATGCGC,2554,2353.5,2856.5,2865,Low variance
Fam192a,AGTCGGGGTTCAGGCTTGTC,GTCTCGTGGGCTCGGAGATGTGTATAAGAGACAGGTGACATGGAGCTGTCCCCT,2726,3278.5,3634.5,3762,Low variance
Fastk,CTGTACCTCCGGGCTACTGC,GTCTCGTGGGCTCGGAGATGTGTATAAGAGACAGGGGCTACCAACTCCTACCGC,3970.5,3591.5,2838.5,2669.5,Low variance
Fau,GAGACGGTCGCCCAGATCAA,GTCTCGTGGGCTCGGAGATGTGTATAAGAGACAGGGCGAATGCAGTACAACCGG,288,2885.5,34,5108.5,Cell type marker
Fcer1g,AACCTTTCCCGGGGCCTTAG,GTCTCGTGGGCTCGGAGATGTGTATAAGAGACAGTCTCTCCGAGCCCTCTTGGT,17017,30,18330,6664,Cell type marker
Ftl1,ATCTGCATGCCCTGGGTTCT,GTCTCGTGGGCTCGGAGATGTGTATAAGAGACAGAGGGGTCTCTGGGCGAGTAT,1257,19,30,16,Cell type marker
G3bp2,TCCAGACCACACACGAGACA,GTCTCGTGGGCTCGGAGATGTGTATAAGAGACAGTCACCTGCAGTACTGTGGACT,1002,2150.5,1158,2403,Low variance
Galk1,TTTGGGCGTCTCATGGTGGA,GTCTCGTGGGCTCGGAGATGTGTATAAGAGACAGATCAATTGGTTGAGGCCGCG,3135.5,3179.5,2191.5,2162.5,Low variance
Gapvd1,AAGGGACCCGTGACAACCAG,GTCTCGTGGGCTCGGAGATGTGTATAAGAGACAGGCTGTCGTTGTCCACCTTGC,3378.5,2777,2742.5,4043,Low variance
Gas5,TGGATAACAGAGCGAGCGCA,GTCTCGTGGGCTCGGAGATGTGTATAAGAGACAGAGGCTCCTGTGACAAGTGGAC,2157,17177.5,66,18957.5,Cell type marker
Gm10260,GATGGGCGGCGGAAAATAGC,GTCTCGTGGGCTCGGAGATGTGTATAAGAGACAGGGGCTGGAGAACTCACGGAG,17017,6405.5,120,7252.5,Cell type marker
Gnb1,TAAGAGAACCAGGGCCCACG,GTCTCGTGGGCTCGGAGATGTGTATAAGAGACAGGGATGGCCACGAATGCTTGG,620.5,1034,896,686,Low variance
Gorasp2,TGGGTTCCCTGTACCACTGC,GTCTCGTGGGCTCGGAGATGTGTATAAGAGACAGTTTTGTTCCGGTCCATGGCAC,1441.5,2968.5,1948,2210,Low variance
Gpx3,AGCCACGTATCTGCCTGCTT,GTCTCGTGGGCTCGGAGATGTGTATAAGAGACAGGACAACTGTGAGCGCGATGG,7481.5,3536.5,18330,6,Cell type marker
Gsn,TCCTGGCGAGCTTATGCAGG,GTCTCGTGGGCTCGGAGATGTGTATAAGAGACAGGTTCCTCGGCTGGGATGACA,17017,360,187,1,Cell type marker
Gtf3c6,CCCCGCAGATACGCTTGGTA,GTCTCGTGGGCTCGGAGATGTGTATAAGAGACAGAGGGCCGGCCTCTGATAAAC,2157,2376.5,3403,3418.5,Low variance
Guk1,CGACTGCGCAACACTGAGAC,GTCTCGTGGGCTCGGAGATGTGTATAAGAGACAGGGTGGGGGAAACTTTGCCAG,1257,2511,1606,1274,Low variance
Hint1,GCGACACGATCTTCGGCAAG,GTCTCGTGGGCTCGGAGATGTGTATAAGAGACAGAATGAAGGTGCAGACGGGGG,89,258,161,296,Low variance
Hmgb2,AGGGTCCTGGTAGGCCAACA,GTCTCGTGGGCTCGGAGATGTGTATAAGAGACAGAGAGTTTGTAGCTTTTTCAGGGGC,1654,29,1660.5,1865.5,Cell type marker
Hnrnpdl,AGGCAGAGGAAGGGAGTTGTG,GTCTCGTGGGCTCGGAGATGTGTATAAGAGACAGAGCTTCTGGGTTGGGGTACAT,695,892.5,924.5,1029,Low variance
Idh3b,AGCTGGCAAGGTACGGACTC,GTCTCGTGGGCTCGGAGATGTGTATAAGAGACAGGTCCTGGGGGCTGGTGTTAA,856.5,2434.5,1420,2397,Low variance
Igfbp7,ATCTGGCCATTCAGACCCGG,GTCTCGTGGGCTCGGAGATGTGTATAAGAGACAGGAGTGCCACGCATCCAACTC,10630.5,11665,713,17,Cell type marker
Ik,GGCCGCTGGGACTTCGATAC,GTCTCGTGGGCTCGGAGATGTGTATAAGAGACAGATGGAAGCAGATGGGGTCGA,1175,2541.5,2579,2108.5,Low variance
Ing1,TGCTGCGTGTGTGAGCTGTA,GTCTCGTGGGCTCGGAGATGTGTATAAGAGACAGACACCAGCAGTTTAGACAAAGCC,2554,2713.5,3063.5,3768,Low variance
Inmt,TGACCCTGGTTACTCTGCGC,GTCTCGTGGGCTCGGAGATGTGTATAAGAGACAGCTTACTGCTCCCACGACGGT,17017,17177.5,13795,5,Cell type marker
Jtb,GCCGTTCGGCTCTACTGGAA,GTCTCGTGGGCTCGGAGATGTGTATAAGAGACAGCAGCGGCTAATTTGCACTCGT,2034.5,1684.5,2294,1941,Low variance
Kxd1,AGCCCAGTGACACCATCGAG,GTCTCGTGGGCTCGGAGATGTGTATAAGAGACAGCGCACCCTGTCCGACTACAA,36,2434.5,2660,3407.5,Cell type marker
Letm1,CCAGCCAGAGCACTCCAACA,GTCTCGTGGGCTCGGAGATGTGTATAAGAGACAGCAGTTTGACCTCAGCCCTGGA,3135.5,4504,3762,2969,Low variance
Lin7c,TGTACCTCCTGAATAAGTCTGTGCA,GTCTCGTGGGCTCGGAGATGTGTATAAGAGACAGTTGGCAAAGATTTGATACACTTGT,3135.5,2846,4180,4113,Low variance
Lpcat3,TATGTGCCGATACCGCCACC,GTCTCGTGGGCTCGGAGATGTGTATAAGAGACAGAGGAAATCAGGAACGCCTACTGT,2554,3591.5,2556.5,3745,Low variance
Map7d1,CTTACACGCTCGGACACCCA,GTCTCGTGGGCTCGGAGATGTGTATAAGAGACAGGTACAGGAGGCAGAACCCCC,1837,2809,1479.5,1799.5,Low variance
March5,TCACGGACCTAAGGACACGC,GTCTCGTGGGCTCGGAGATGTGTATAAGAGACAGACTCGATGAAGGAACTGTGAGGG,1837,2084,1107,2533,Low variance
March7,TTGCCAGTCAAATGATACTTGGT,GTCTCGTGGGCTCGGAGATGTGTATAAGAGACAGCCACTGTCAGCACCCTTAGGA,1654,2777,1373,2851,Low variance
Matr3,TGGCCATTCAATTGCAGGTGC,GTCTCGTGGGCTCGGAGATGTGTATAAGAGACAGGCCTGTCACTTGAATCCTGTAGC,1002,2188.5,867,1535.5,Low variance
Mea1,CCAAGATCGGATCCAGGCCC,GTCTCGTGGGCTCGGAGATGTGTATAAGAGACAGGGGAGATCTCGGACGCTCAG,1313,1948,1424.5,3233.5,Low variance
Meg3,TTCACGCACAACACGTTGCA,GTCTCGTGGGCTCGGAGATGTGTATAAGAGACAGTGATGAACTGCGCTGACCCT,1130,17177.5,46,2545.5,Cell type marker
Mgp,TGGCAACCCTGTGCTACGAA,GTCTCGTGGGCTCGGAGATGTGTATAAGAGACAGCGCCATGGTCTACGGCTACA,17017,10718.5,555,3,Cell type marker
Mif,TCCGCCACCATGCCTATGTT,GTCTCGTGGGCTCGGAGATGTGTATAAGAGACAGCAGCATCGGCAAGATCGGTG,27,630.5,1230.5,895.5,Cell type marker
Mpv17l2,TGGGCTGGGACACATACCTG,GTCTCGTGGGCTCGGAGATGTGTATAAGAGACAGGCCATGTCCAAAACCCAGGC,2726,3650.5,3415.5,4182.5,Low variance
Mrpl35,ACGGTAAAGTCGGTCGTGCA,GTCTCGTGGGCTCGGAGATGTGTATAAGAGACAGCTGGTACGCTGGCGATCCTT,1041,1845.5,2072,2278.5,Low variance
Mrpl54,CGCTCCCGGTCCTCAGAAG,GTCTCGTGGGCTCGGAGATGTGTATAAGAGACAGGTCCCGAGAGTACTGGCGAC,1002,1543.5,766,1661,Low variance
Mrps10,GCGAAACTTGCCTGAAGGGG,GTCTCGTGGGCTCGGAGATGTGTATAAGAGACAGTTTCAGGGAAGCACCGCTGT,1654,3134,2693.5,2719.5,Low variance
Mrps16,GGCCACCTAACCATACGCCT,GTCTCGTGGGCTCGGAGATGTGTATAAGAGACAGCGGCATTGGATTGGCTGTGG,675,1101.5,1251,1269,Low variance
Mrps24,GGGAACAAGCCGGTGAGCTA,GTCTCGTGGGCTCGGAGATGTGTATAAGAGACAGGATTGTTCTGAAGCGCCGGG,355.5,969,796,978,Low variance
Mvb12a,CTCCCTGGACCCACCCAAAG,GTCTCGTGGGCTCGGAGATGTGTATAAGAGACAGAGCTGTGGGCCCTTGAACTT,2916,2236,2128.5,2669.5,Low variance
Naa10,AGATCAGCGAAGTGGAGCCC,GTCTCGTGGGCTCGGAGATGTGTATAAGAGACAGAGAGGCCTGTCGTGAGGAGA,2157,2541.5,3703,3249.5,Low variance
Nae1,TACCTGATGTTGCGGGCTGT,GTCTCGTGGGCTCGGAGATGTGTATAAGAGACAGACACACCATTGCTGCGTTCC,2916,3536.5,3129,2274,Low variance
Napa,GCTCTCCTGGATGGCTGGTC,GTCTCGTGGGCTCGGAGATGTGTATAAGAGACAGCCCATCTCCTGACCAGCAGT,1509.5,1412,932.5,1100,Low variance
Ncor1,TCCACAGTGCTGGCTGTCAT,GTCTCGTGGGCTCGGAGATGTGTATAAGAGACAGTGTGAGTTCCAGTGCAGGCT,1441.5,1329,632,1336.5,Low variance
Ndufs2,CAAAGTGTCCCCACCGAAGC,GTCTCGTGGGCTCGGAGATGTGTATAAGAGACAGGGCAGATGTCGTGGCCATCA,504.5,923.5,535.5,898,Low variance
Ndufv1,GGGCACGGCTGCAGTTATTG,GTCTCGTGGGCTCGGAGATGTGTATAAGAGACAGTGAACAAGGTGATGGCCCGA,463.5,1522,919,1385,Low variance
Nip7,CTGTGTGCGGCCATCAGATT,GTCTCGTGGGCTCGGAGATGTGTATAAGAGACAGTGTCTGCGTCGTCTTTGTTTGG,1654,3134,2660,4009,Low variance
Nme2,TCGGGCCTCTGAAGAACACC,GTCTCGTGGGCTCGGAGATGTGTATAAGAGACAGAATGTGGTGAAAACGGGCCG,67,9578.5,8610.5,8070.5,Cell type marker
Npepps,TGTCCGGTTACCTGACAGGC,GTCTCGTGGGCTCGGAGATGTGTATAAGAGACAGCTAACAAGCCCCGCCACCTA,2280.5,1804.5,1348,2658,Low variance
Nub1,AGCCAAGGGACCTGAGATTGT,GTCTCGTGGGCTCGGAGATGTGTATAAGAGACAGACAGCCAGATGTGGTGTGGG,3135.5,3940.5,2880.5,4498,Low variance
Nudcd2,TGAAAAAGGTGCCTTCATGGAAA,GTCTCGTGGGCTCGGAGATGTGTATAAGAGACAGTGGTTTGGTGCTGCCTAAGTG,1441.5,2968.5,2082,2360.5,Low variance
Nudt16l1,CGAGACGCGTGCCTTCTAGT,GTCTCGTGGGCTCGGAGATGTGTATAAGAGACAGTGACCCACGTTAGACCAACCC,2916,2968.5,4229,4118,Low variance
Ogdh,TTGCTAGGGCCAAGCTGAGAG,GTCTCGTGGGCTCGGAGATGTGTATAAGAGACAGTACCACGCCTGGAGAGCTTG,3649,3087.5,4090,2835,Low variance
Paip2,AGGTGATGGTCAGATAGGAGCT,GTCTCGTGGGCTCGGAGATGTGTATAAGAGACAGCCCACACCAGCCCATAATCCA,675,755,808,699.5,Low variance
Pcbp1,CTGCATAATCGGGCGCCAAG,GTCTCGTGGGCTCGGAGATGTGTATAAGAGACAGTTCGCTCGTAACCCCCTTCC,519.5,639,390,1015,Low variance
Pcbp2,AGATGTCTGGGGCGCAGATC,GTCTCGTGGGCTCGGAGATGTGTATAAGAGACAGACAGTCAGCGACTCCAGGTT,314.5,496.5,342,762,Low variance
Pcolce2,AGCCCATGAACGCACTGAAG,GTCTCGTGGGCTCGGAGATGTGTATAAGAGACAGCTGATGGGGAAGAGCAGCGA,6563.5,17177.5,18330,33,Cell type marker
Pfn1,ACTGCTGCAAGACGGGGAAT,GTCTCGTGGGCTCGGAGATGTGTATAAGAGACAGCCAAAACCACATGGGCTGGG,759.5,13,154,255,Cell type marker
Pglyrp1,TTCTGCAACAGCCCGGACTC,GTCTCGTGGGCTCGGAGATGTGTATAAGAGACAGTGGGGAACTTCATGGACCGG,17017,16,13053.5,9849,Cell type marker
Pmvk,ACCAGGTAGGGGTGGACGAT,GTCTCGTGGGCTCGGAGATGTGTATAAGAGACAGCAGTCTGGCTTGCCAGAGGT,2554,3087.5,3129,2580.5,Low variance
Polr1d,CTGCTCTCCTCCACGGAAGC,GTCTCGTGGGCTCGGAGATGTGTATAAGAGACAGTGAAGGTGTCGCGGTGAGAG,454.5,673,420,1276,Low variance
Polr2m,CCTGGTTCCCTCGCTCAAGA,GTCTCGTGGGCTCGGAGATGTGTATAAGAGACAGCCTGTACAGGGCGTTCACGT,1002,1344,923,1635.5,Low variance
Ppp2r1a,GAAGAAGCATTGCCGGCCTC,GTCTCGTGGGCTCGGAGATGTGTATAAGAGACAGGGGGCTGGAGCAGTACAAGT,620.5,1869.5,1207,1063.5,Low variance
Prdx5,GGTGGCCTGTCTGAGCGTTA,GTCTCGTGGGCTCGGAGATGTGTATAAGAGACAGGCACTGAACGTGGAGCCAGA,4350,25,363,583,Cell type marker
Prrx1,ACACCTGAAGCACTGACGCT,GTCTCGTGGGCTCGGAGATGTGTATAAGAGACAGAGGCATATAGCTACTGCGCTCC,17017,17177.5,149,3263,Cell type marker
Psip1,ACCAGATAGTCCACACACACAA,GTCTCGTGGGCTCGGAGATGTGTATAAGAGACAGTGTTCTGAGCGATCAGGCCA,1654,1869.5,1528,2731,Low variance
Psma7,CTGACCCCTCGGGCACATAC,GTCTCGTGGGCTCGGAGATGTGTATAAGAGACAGCGGGATCAGCCGCTCAAGAT,294,375,369.5,573,Low variance
Psmb1,CATGACAACGGGGGCGATTG,GTCTCGTGGGCTCGGAGATGTGTATAAGAGACAGCCTCTGCTCGACAACCAGGT,117,373,193,527,Low variance
Psmc2,CCACTAACCGCCCTGACACT,GTCTCGTGGGCTCGGAGATGTGTATAAGAGACAGCGCTCGCTCAATGAGTGTGG,548.5,1200.5,940,1266,Low variance
Psmd11,GTGCCCACTGTGCTTTGTCC,GTCTCGTGGGCTCGGAGATGTGTATAAGAGACAGCATCTCCCGCCTCCTTCCTG,1654,1886,1068,1339,Low variance
Psmd3,CTGTCAAGGCCATGCGCTTT,GTCTCGTGGGCTCGGAGATGTGTATAAGAGACAGGTTTCCCACACACGGCTCAC,1441.5,3087.5,1405.5,2139,Low variance
Ptn,AGGAGGTAGGATTGAGGTAAGTT,GTCTCGTGGGCTCGGAGATGTGTATAAGAGACAGTGCATTGTTTTCTGCCAGTGGA,8665.5,17177.5,3,9968.5,Cell type marker
Rac2,GGCTCCTATGTTCCCAGGGG,GTCTCGTGGGCTCGGAGATGTGTATAAGAGACAGCTGCCACTAGTGTGTTCGCC,17017,52,18330,10282,Cell type marker
Rae1,AGATCAGCCCATCGCAGCTT,GTCTCGTGGGCTCGGAGATGTGTATAAGAGACAGCCTGAAGCTGGGACTGTTGGA,1931,2334.5,2704.5,3240.5,Low variance
Rbm25,TCAGAAGATCACTAGGGGCAAA,GTCTCGTGGGCTCGGAGATGTGTATAAGAGACAGTGAGAGGACGTCCAAAACACTGT,739.5,1275,541,1084,Low variance
Rexo2,AGCTGTGCAGACGCTGGTAT,GTCTCGTGGGCTCGGAGATGTGTATAAGAGACAGCTCCTGCTGATCGCTCGACA,826.5,1648,1172.5,1291.5,Low variance
Rnf10,ATAGCTTGGTTCCTCCCGCC,GTCTCGTGGGCTCGGAGATGTGTATAAGAGACAGCTCGGTCGTCCACACCAAGT,1041,2188.5,1031.5,1711,Low variance
Rnf187,CTTTGGGTGTCGCTGGCATC,GTCTCGTGGGCTCGGAGATGTGTATAAGAGACAGCGTAGCGGTAGTGTGGTTGC,401,1229.5,760,781,Low variance
Rnf4,GCTCTCCTCTCCCCCTTGGA,GTCTCGTGGGCTCGGAGATGTGTATAAGAGACAGCAACCATGCAGCCAGTTCACC,2554,2627,1872.5,3168.5,Low variance
Rpl10,GAGGCTGCCCGTATTTGTGC,GTCTCGTGGGCTCGGAGATGTGTATAAGAGACAGAGGGTTCACATTGGCCAGGT,7481.5,1576,53,1076,Cell type marker
Rpl13,GAAAGTGGCTCGCACCATCG,GTCTCGTGGGCTCGGAGATGTGTATAAGAGACAGCCGCTCCAAGCTCATCCTGT,0,64,37,55,Cell type marker
Rpl18a,AAGTCACCCCTGCGTGTGAA,GTCTCGTGGGCTCGGAGATGTGTATAAGAGACAGGCTACCGAGACATGGGTGCC,16,28,22,56,Low variance
Rpl22l1,CATGGCGCCGCGATAGAATC,GTCTCGTGGGCTCGGAGATGTGTATAAGAGACAGTCACATTGAACGCCTGAAGA,156.5,289.5,186,265,Low variance
Rpl37,GAGAAACCGGCTGCTTGGTG,GTCTCGTGGGCTCGGAGATGTGTATAAGAGACAGCAACAAGACGCACACGCTGT,20,92,64,58,Low variance
Rpl8,GCCTGAGGGTACGATCGTGT,GTCTCGTGGGCTCGGAGATGTGTATAAGAGACAGGCAAAGAGGAACTGCTGGCC,4,76,41,133,Cell type marker
Rpl9,ACGCTGGGCTTCCGATACAA,GTCTCGTGGGCTCGGAGATGTGTATAAGAGACAGACATCCGCAGGGTTCGGATG,675,642.5,26,393,Cell type marker
Rps12,GTGCGTTCAAGATTCGGCGT,GTCTCGTGGGCTCGGAGATGTGTATAAGAGACAGTCTGTGTGTGCTCGCATCCA,548.5,7602.5,13,7094,Cell type marker
Rps14,ACCATCTGCCGAGTGACTGG,GTCTCGTGGGCTCGGAGATGTGTATAAGAGACAGCAGGACCAAGACCCCTGGAC,21,26,48,43,Low variance
Rps28,GCGTGGTCAGAGCCGACTAT,GTCTCGTGGGCTCGGAGATGTGTATAAGAGACAGATGTCAAAGGCCCCGTTCGA,55.5,305.5,146,236,Low variance
Rragc,CTCCTGCGAACCGTCCTCTG,GTCTCGTGGGCTCGGAGATGTGTATAAGAGACAGCCCTTGAGTGCGTCAGTGCA,1742,3278.5,1832.5,3431.5,Low variance
S100a8,AGAAGGCCTTGAGCAACCTCA,GTCTCGTGGGCTCGGAGATGTGTATAAGAGACAGAGGAGTTCCTTGCGATGGTGA,17017,0,18330,634.5,Cell type marker
S100a9,GGACACCCTGACACCCTGAG,GTCTCGTGGGCTCGGAGATGTGTATAAGAGACAGCATGTGACAGCTGCCCAACC,17017,1,18330,911,Cell type marker
Scfd1,TGTGATGGAAGGTGTGAAGAACC,GTCTCGTGGGCTCGGAGATGTGTATAAGAGACAGAAGGCAAAGCAAGGCAAGCAT,3378.5,3330.5,3039,3565,Low variance
Senp6,TTGATGAACTGGTTTCCTCCCCC,GTCTCGTGGGCTCGGAGATGTGTATAAGAGACAGGCTCAGAGTGACGAGGAGGC,2280.5,3816,1885.5,2625,Low variance
Serbp1,TTTGGAGACTTAGGCCGCCC,GTCTCGTGGGCTCGGAGATGTGTATAAGAGACAGTGGTTCCTTTGTGGACCCTCC,173,486,262,745,Low variance
Serping1,GCTGACCGAGGACCCAGATC,GTCTCGTGGGCTCGGAGATGTGTATAAGAGACAGTGGGACCAGCAACACAGGTT,6563.5,10070,18330,30,Cell type marker
Sf3a2,GGTACACCCTCCTCCATCAGC,GTCTCGTGGGCTCGGAGATGTGTATAAGAGACAGCCCTCAAATCCTGGGGTGCA,2034.5,3042.5,3197.5,4269,Low variance
Sf3b2,GGACTCCCTAGGCTCGTCAC,GTCTCGTGGGCTCGGAGATGTGTATAAGAGACAGTCCCTACCCCTCCTGTGTGT,386,803,349,862,Low variance
Sftpa1,GAAAGGGGGCTTCCAGGGTT,GTCTCGTGGGCTCGGAGATGTGTATAAGAGACAGACATTGCTGCCCCGAGGAAT,17017,17177.5,18330,46,Cell type marker
Sftpc,GCTCCACTGGCATCGTTGTG,GTCTCGTGGGCTCGGAGATGTGTATAAGAGACAGTGTGAGCACCCTGTGTGGAG,17017,17177.5,18330,2,Cell type marker
Sgta,CGTGTGGACCATCCGTGTCT,GTCTCGTGGGCTCGGAGATGTGTATAAGAGACAGGGCAGGGAGTTTCGGGGTAT,1313,2188.5,1283.5,2079,Low variance
Shc1,CAGGTCTGGAACTGCACTCTCT,GTCTCGTGGGCTCGGAGATGTGTATAAGAGACAGTGGCTGAGCAGTGTTGTGGG,3135.5,2334.5,2575.5,3282,Low variance
Slc31a1,AGCTGGGTAAAGGGTTAGCAGA,GTCTCGTGGGCTCGGAGATGTGTATAAGAGACAGTCTTGTGCCTGCCCTTTCCA,2554,3876,3725,4533,Low variance
Smarca5,TGCACAAGCTTGGCTTCGAC,GTCTCGTGGGCTCGGAGATGTGTATAAGAGACAGGTAAGATGGACGGTGCCCCT,780,1444,1314.5,2082.5,Low variance
Snrpb,GGTATGATGGGCCCACCTCC,GTCTCGTGGGCTCGGAGATGTGTATAAGAGACAGCCCCAGGGTCAGGTTACCAC,226.5,347.5,516,451,Low variance
Sod1,GAAGGCAAGCGGTGAACCAG,GTCTCGTGGGCTCGGAGATGTGTATAAGAGACAGACTGCTGGAAAGGACGGTGT,59,3940.5,2869,1539,Cell type marker
Spin1,AGGGACTGTGCACGCTCTAA,GTCTCGTGGGCTCGGAGATGTGTATAAGAGACAGTGTTCCTTGGGAATGCTGCG,3135.5,3439,3717.5,4334,Low variance
Sptlc2,AGGGACGGGGGAAGAGAAGA,GTCTCGTGGGCTCGGAGATGTGTATAAGAGACAGGGCTGGAGTCTGCAAGGTGTA,2726,2541.5,3175,4161.5,Low variance
Srrm1,AGCTTGCCCAGAAGTGAGACC,GTCTCGTGGGCTCGGAGATGTGTATAAGAGACAGAAGGCGATTCCCTAGACCCAG,856.5,1396.5,977,1094.5,Low variance
St13,CAGCAGCAGTCCCAGGTTTTG,GTCTCGTGGGCTCGGAGATGTGTATAAGAGACAGTGCCCTGTCTGCTTGTCACC,474,1832,659,788,Low variance
Stx12,GCCTGGCTTTGATGGCAAGAT,GTCTCGTGGGCTCGGAGATGTGTATAAGAGACAGACTGCCCTTTTTCACAGGCCT,2280.5,3816,3800,2533,Low variance
Suds3,CTGCAGTACTGGACCGCTCA,GTCTCGTGGGCTCGGAGATGTGTATAAGAGACAGCTTCTGCTCTAGCCGCCACA,1441.5,2084,2058.5,2788.5,Low variance
Tbc1d15,ACTGGATTGGCAGTCTGGGTT,GTCTCGTGGGCTCGGAGATGTGTATAAGAGACAGTGAGACTACATTGAGCCCTGTCT,3135.5,2654,3833,4081,Low variance
Timm44,GCGAATGCTGTACGTGTGGG,GTCTCGTGGGCTCGGAGATGTGTATAAGAGACAGGGGGTGTCTAGCAGGATGGG,3378.5,2745.5,3791,4174.5,Low variance
Tmsb4x,AATCGTAATGAGGCGAGCGC,GTCTCGTGGGCTCGGAGATGTGTATAAGAGACAGTGGTCTGGCTAGCAGAGAGG,96,5,61,9,Cell type marker
Tnrc6a,ATCTCAAGCCTCAGCGGGAC,GTCTCGTGGGCTCGGAGATGTGTATAAGAGACAGTGAAGGAGCTCTGGGCACAG,2726,4249,2569,3055,Low variance
Tomm7,TGGTTGTTGGGCTCCTCGTT,GTCTCGTGGGCTCGGAGATGTGTATAAGAGACAGTCTTCAAGGGCGGCCAGTTT,180,583.5,661,634.5,Low variance
Tpgs1,CTGCTGGAATTCGTGGCACG,GTCTCGTGGGCTCGGAGATGTGTATAAGAGACAGGCTGCAGCCCTCTTCATTGC,1215.5,2404,2596.5,2212,Low variance
Tpi1,TCCACGCTGTACCCTCCTGA,GTCTCGTGGGCTCGGAGATGTGTATAAGAGACAGGGCTTCGTGTCACTTTGGCC,386,783.5,335,1226,Low variance
Tra2a,GGTCAGTCATGCCAGCTTTGTC,GTCTCGTGGGCTCGGAGATGTGTATAAGAGACAGAGCTCTAGGAGAAAATGTGGGAC,601.5,973,816,1368,Low variance
Trappc1,CGTGGGCCCTATCCGAGATG,GTCTCGTGGGCTCGGAGATGTGTATAAGAGACAGGAGCTCTTTCGATCCCGGCT,1215.5,1576,2183,2300,Low variance
Tubb4b,CTCGGGGCCTGAAAATGTCG,GTCTCGTGGGCTCGGAGATGTGTATAAGAGACAGACTGGTACACGGGTGAAGGC,193,567.5,825,687,Low variance
U2surp,CTCAGTCCCGGTCTCCACAC,GTCTCGTGGGCTCGGAGATGTGTATAAGAGACAGACTGCATCTGTAGACCTGTCA,1579.5,2296,1675,2095.5,Low variance
Uba52,CGGAAGACCAAGGGCACTGA,GTCTCGTGGGCTCGGAGATGTGTATAAGAGACAGCGCACCCTGTCCGACTACAA,37,2084,673.5,2249,Cell type marker
Ubqln1,AGCGTTAGGGTCGGTGACAT,GTCTCGTGGGCTCGGAGATGTGTATAAGAGACAGCAGGTTGGCCCCAGACTGT,2554,3179.5,4407,4189,Low variance
Ubxn6,CTTCCGATTTGTGCGCGAGG,GTCTCGTGGGCTCGGAGATGTGTATAAGAGACAGTGCAGCCATCGAGCAACTCT,2916,3380.5,2058.5,2969,Low variance
Vcp,TGGCTGGACCTTGTTCCCTG,GTCTCGTGGGCTCGGAGATGTGTATAAGAGACAGAGGAATTGGGTCTTGGGCCC,1083.5,945,521,714.5,Low variance
Vps36,CTGTCTAGTGAACCGGGCCC,GTCTCGTGGGCTCGGAGATGTGTATAAGAGACAGGCCCTGGAGACGGTTTCAGAA,1654,1995.5,2506.5,2705.5,Low variance
Wasf2,CATGTTCCCGAAGTGCCTTGT,GTCTCGTGGGCTCGGAGATGTGTATAAGAGACAGGGGACCTGAGCAGTGGAGTG,1175,2061,1803,1305.5,Low variance
Wbp2,GATTTTGCTGGGCGCTTCCA,GTCTCGTGGGCTCGGAGATGTGTATAAGAGACAGGAATGCATGTCTGTCCCGCC,1378.5,1804.5,3119,1804,Low variance
Wfdc21,TCTTGGCCCTGCTGCGTATT,GTCTCGTGGGCTCGGAGATGTGTATAAGAGACAGGGACTGTGGGCCAGAGGAAC,17017,12,18330,9147,Cell type marker
Yme1l1,AAGCAAGCAATCATTTTGTGGGT,GTCTCGTGGGCTCGGAGATGTGTATAAGAGACAGTCTTGATTGACCTTGTAAAATGGCCT,2280.5,2846,2458,1918,Low variance
Ywhaz,TTTGGGAAAAGGGCCGCATG,GTCTCGTGGGCTCGGAGATGTGTATAAGAGACAGCCTCCTCCTCCTCCTCCTCA,739.5,1200.5,1040.5,1579,Low variance
Zmat2,TCCCTCTACGTTGGGGGAGG,GTCTCGTGGGCTCGGAGATGTGTATAAGAGACAGCTGAGTCTCCAGTCTGCGGG,1509.5,1832,2118,1853.5,Low variance
Znrd2,GGCTTGTCAGGAGCTCGACT,GTCTCGTGGGCTCGGAGATGTGTATAAGAGACAGCAGTACCCCGTCCAGAGCAC,NA,NA,NA,NA,NA
