gene_id,outer_sequence,inner_sequence
Adgrl4,AGCCTGTCGAGACCTCTCCT,GTCTCGTGGGCTCGGAGATGTGTATAAGAGACAGTGCACGTGGTAGACAGAGTGA
Alas1,GATGCTAATGGACGCTGGCC,GTCTCGTGGGCTCGGAGATGTGTATAAGAGACAGTGGAGAAGCTGCTGGTCACG
Ap3s1,TCCAGAGGGAACGTCATCTAAGT,GTCTCGTGGGCTCGGAGATGTGTATAAGAGACAGTGTATGGATCACAAGTGCAGCA
Apoe,GGCTTTTGGTGACCGCATCC,GTCTCGTGGGCTCGGAGATGTGTATAAGAGACAGCCAGCAAATACGCCTGCAGG
Arl5c,GGAGGCAATAGGACCCGGTC,GTCTCGTGGGCTCGGAGATGTGTATAAGAGACAGCACCAACCGCTCGCTTTCC
Atf3,GCTGAGCCACTTTGTGCCAA,GTCTCGTGGGCTCGGAGATGTGTATAAGAGACAGCCAGGCATCTGCATTGTGGG
Atp1b2,TGCTCCGCCTCCTTCAAACT,GTCTCGTGGGCTCGGAGATGTGTATAAGAGACAGCCTCTTTCCTCCCGCTGGAT
BC035044,GCAGCTGGTCACGTGGAATC,GTCTCGTGGGCTCGGAGATGTGTATAAGAGACAGGACCCCTCACAAGTATGCCCA
Bfsp2,GCTCTGAAACGAGGCCTGGA,GTCTCGTGGGCTCGGAGATGTGTATAAGAGACAGCTACCACGCCCTGCTGGAC
Btg2,TTCCCAGGTGGCTTCGTCTC,GTCTCGTGGGCTCGGAGATGTGTATAAGAGACAGGCCTGCCGTTTAGAAGCTGC
Calr,GGCAGGTTCAGATCTGGGGT,GTCTCGTGGGCTCGGAGATGTGTATAAGAGACAGCAGGAGAAGGGGGTGGTGTT
Car1,TCTGAGCAACCACCGTCCAC,GTCTCGTGGGCTCGGAGATGTGTATAAGAGACAGCCCCTCTACAGCAGCATCCAA
Ccl4,CTTACACCTCCCGGCAGCTT,GTCTCGTGGGCTCGGAGATGTGTATAAGAGACAGAGGAGGAGCCACTTCAGGAGA
Ccl5,TGCCTCACCATATGGCTCGG,GTCTCGTGGGCTCGGAGATGTGTATAAGAGACAGTCGAAGGAACCGCCAAGTGT
Ccr2,GGTGGATGGCTGCCCTATGAA,GTCTCGTGGGCTCGGAGATGTGTATAAGAGACAGCCATCGAGGTCTGAAGGGAGG
Ccr9,CGCCTTACAGTCGGTCCTGA,GTCTCGTGGGCTCGGAGATGTGTATAAGAGACAGATCAGAGACAGAGCGGGGAGA
Cd19,CCAGCCGCTACATTCCATGG,GTCTCGTGGGCTCGGAGATGTGTATAAGAGACAGGGCCAGTACCCTCACCTTCG
Cd34,GGCCCAGCTGAGCTAAACCT,GTCTCGTGGGCTCGGAGATGTGTATAAGAGACAGTCAGTCCCCTGGCAGATTCC
Cd3d,AAAGGCGTTCTGGACCCACG,GTCTCGTGGGCTCGGAGATGTGTATAAGAGACAGAACTGGCCCCGGAACAAGAA
Cd3e,CCTGCCCCCTTGTCTCTACG,GTCTCGTGGGCTCGGAGATGTGTATAAGAGACAGGGTGCCTCTCCAGATTTCCCC
Cd3g,CAAAGACCCTCGAGGCACGT,GTCTCGTGGGCTCGGAGATGTGTATAAGAGACAGCTCAGCAGGACTCAGGGTGTC
Cd4,CCTGGGAAGTGGACCATGCT,GTCTCGTGGGCTCGGAGATGTGTATAAGAGACAGCTGCCTCTGTCGTTTGCCTG
Cd63,AGAGACCAGGTGAAGTCAGAGT,GTCTCGTGGGCTCGGAGATGTGTATAAGAGACAGAGTCCCCGATTCTTGCTGCA
Cd74,GGGAGTGACCAGGCAGGAAC,GTCTCGTGGGCTCGGAGATGTGTATAAGAGACAGCCTTGCTGGCTACCGCTATCT
Cd79a,TTGGAGATGCCCAGCTGGAAA,GTCTCGTGGGCTCGGAGATGTGTATAAGAGACAGGCCCCACCCTATTCTCCCAC
Cd79b,GCCTCACTGCTTCCAAACCG,GTCTCGTGGGCTCGGAGATGTGTATAAGAGACAGCTGGGAGTGCCATGTGGGAT
Cd8a,ACATTCCTTAGCACCCCCGG,GTCTCGTGGGCTCGGAGATGTGTATAAGAGACAGTGTAAGAAAGATTACACCCTGGGT
Cd8b1,TGGGTTTGGGAGGCTGTTGG,GTCTCGTGGGCTCGGAGATGTGTATAAGAGACAGAATAAAGTCCTGCCGGGCGT
Cdh5,CCAAGCGAGGCGGAAATGTG,GTCTCGTGGGCTCGGAGATGTGTATAAGAGACAGTCTATTAGTCACCCTGGTGCA
Cebpa,TCTTCACTAACGGCTGGGGG,GTCTCGTGGGCTCGGAGATGTGTATAAGAGACAGGGTCTTAGCTTCCTCCGGCT
Cebpe,GAGTACCGACTGCGACGTGA,GTCTCGTGGGCTCGGAGATGTGTATAAGAGACAGAGGAGCTAGACACTCTGCGC
Chchd10,AGGGCATGTCATGGGTAGCG,GTCTCGTGGGCTCGGAGATGTGTATAAGAGACAGTTCAGCGAGGCCCTCAAACA
Cldn13,GATGCTGGTACCCCTGTCCT,GTCTCGTGGGCTCGGAGATGTGTATAAGAGACAGCCAGCACACTCACGTCTGGA
Clec10a,GGATCGGCCTAACGGACCAA,GTCTCGTGGGCTCGGAGATGTGTATAAGAGACAGGCTAGGAGCTCTCGCCAAGT
Clec4a2,TGGACAAAGGGCCCTGACATT,GTCTCGTGGGCTCGGAGATGTGTATAAGAGACAGTGTGGGATACAGGCCATCGG
Clec4a3,TGGGGCTGGAGTGATATCCCT,GTCTCGTGGGCTCGGAGATGTGTATAAGAGACAGCCACAGAATTTTAGGTAGGCAGCC
Clec4b1,CCCACTGCTACTTGGTTCCCA,GTCTCGTGGGCTCGGAGATGTGTATAAGAGACAGTGAGCCCAGCAGTGACAATGA
Clec4b2,ACAAAGGTGAGCCCAACAATGAC,GTCTCGTGGGCTCGGAGATGTGTATAAGAGACAGCCAGAGAAAATGTAAGTAGGCAGCA
Clec4d,CAGACCTGGCATGAGAGCGA,GTCTCGTGGGCTCGGAGATGTGTATAAGAGACAGACCCACACACGGTATTCTGGG
Clec9a,GATCAGCCGGCCAGATCTGT,GTCTCGTGGGCTCGGAGATGTGTATAAGAGACAGGTTGACCTTGTCCATTGTGCCAA
Cnp,TGATGGTTTCGGTCAGGCCA,GTCTCGTGGGCTCGGAGATGTGTATAAGAGACAGAAGATGCCCCGAGAAGCTCC
Cox6a2,AGAGCCTCTCGACTGGGTGA,GTCTCGTGGGCTCGGAGATGTGTATAAGAGACAGGCATCCGAACCAAGCCCTTC
Cpa3,CAAGGATTGCCACGGATGCT,GTCTCGTGGGCTCGGAGATGTGTATAAGAGACAGTCCAGAATCCCGGATAAAGCCA
Cpox,TGCTTTCCCAAAAGTCCCCCA,GTCTCGTGGGCTCGGAGATGTGTATAAGAGACAGCCCAATGATGGCCGACTAGGT
Csf1r,CCCGTCCCAAACTCTCGTGT,GTCTCGTGGGCTCGGAGATGTGTATAAGAGACAGGGTGGCCCCTTCCTAAGCTC
Csf3r,ACCCTGAGGTCACCCACTCT,GTCTCGTGGGCTCGGAGATGTGTATAAGAGACAGGCTGGACGTGGTGGTACATG
Cst7,ACTTTCCACCCCATCCTGGC,GTCTCGTGGGCTCGGAGATGTGTATAAGAGACAGATTCAGGATGTGGGCACGCA
Ctla2a,ATGAGCAGGGCAAGACCAGC,GTCTCGTGGGCTCGGAGATGTGTATAAGAGACAGCAAGCACTCTGCCATTGCCTT
Ctse,ACACACACACACACACCACC,GTCTCGTGGGCTCGGAGATGTGTATAAGAGACAGCCATGTGTGGCCCAGACTCT
Ctsg,GGAGTGGATCGGTGAAGCCT,GTCTCGTGGGCTCGGAGATGTGTATAAGAGACAGTTCTGGTGGCCCCCTGGTAT
Ctss,CCCTCCTGTACGGGCAATGT,GTCTCGTGGGCTCGGAGATGTGTATAAGAGACAGTCACTGCGGAATTGCTAGTT
Dntt,ACAGAAAGCCTTGAGGGTGTT,GTCTCGTGGGCTCGGAGATGTGTATAAGAGACAGTGGCTTGGGAAAGTCTGGGA
Egfl7,GAGGAGGTGTACAGGCTGCA,GTCTCGTGGGCTCGGAGATGTGTATAAGAGACAGCCAGAGTTCAGGCGCTGTCT
Egr1,TGCCTTTTGTGTGACACGCC,GTCTCGTGGGCTCGGAGATGTGTATAAGAGACAGGAGCTGAGCTTTCGGTCTCCA
Elane,CAGGTTGGGCACAAACAGACC,GTCTCGTGGGCTCGGAGATGTGTATAAGAGACAGTGTACCCAGATGCCTTCGCC
Emb,GCTTGTGCCATGGCCACTAC,GTCTCGTGGGCTCGGAGATGTGTATAAGAGACAGTCTGGGTGCCTTTATGTGCCA
Epdr1,AAGAACGCCCTGAGTACGGG,GTCTCGTGGGCTCGGAGATGTGTATAAGAGACAGCAGGGTTGGTTTTTCTGGTTGCT
F13a1,ATGTGCCAAGGCTCCAACAGA,GTCTCGTGGGCTCGGAGATGTGTATAAGAGACAGCCCCGAGGTTCAGCAGATTCT
F2r,ATGCCACAGTGACTAACAAGCAT,GTCTCGTGGGCTCGGAGATGTGTATAAGAGACAGACTGTAGAGTCGCTTCCACGA
Fcer1a,ACCTACCACTGCAAGGGCTATC,GTCTCGTGGGCTCGGAGATGTGTATAAGAGACAGTGCAGAATCCTCAATAGCTTCTCCA
Fcmr,GACCAGACAGCTTGGGTCCA,GTCTCGTGGGCTCGGAGATGTGTATAAGAGACAGCCCTGTCATGGCGTATGTCCT
Fcnb,CCAGGGAGAGGCCGAGAAAT,GTCTCGTGGGCTCGGAGATGTGTATAAGAGACAGTCTGAGATGAAGGTGCGGCT
Fcrla,GTACTGCAATTTCAACTGGAGGGG,GTCTCGTGGGCTCGGAGATGTGTATAAGAGACAGGCATAGGACAACCCTTTTCCCC
Flt3,AGCCAAGATTAGCCTCGCCT,GTCTCGTGGGCTCGGAGATGTGTATAAGAGACAGCTTGTTGGTGAGCCCGCCTA
Gata1,CGTGATCGCCCCACTCAGTT,GTCTCGTGGGCTCGGAGATGTGTATAAGAGACAGTCCTTGTGCCTCAGTTCCTGA
Gata2,TGTGGCTGGCTGAATCCTTCA,GTCTCGTGGGCTCGGAGATGTGTATAAGAGACAGGCAGAGCACCCTAACCGGAA
Gimap4,CACCTGCAGCTTCCACACATG,GTCTCGTGGGCTCGGAGATGTGTATAAGAGACAGGGCATCAAGTTGTTCCCCAGC
Glipr1,ATGCGACTATGGACCAGCAGG,GTCTCGTGGGCTCGGAGATGTGTATAAGAGACAGTCTGTCGATTATCCAGACTGGCC
Glrx5,AAGCCTTACTGCGTGGTGGT,GTCTCGTGGGCTCGGAGATGTGTATAAGAGACAGGCGGGCAGGTGCTTTTACTTT
Gp1ba,GGGCACAGTGGGCATTAGGTA,GTCTCGTGGGCTCGGAGATGTGTATAAGAGACAGTCACAGGATCAGCCTCCCAC
Gp1bb,CTACACGCGCTGCTATTGGC,GTCTCGTGGGCTCGGAGATGTGTATAAGAGACAGCCTTCACCTGGATCCGCCTT
Gp9,CTCACCTACCTGCGCCTCTG,GTCTCGTGGGCTCGGAGATGTGTATAAGAGACAGGCCCATGCCATCAAAAGCCC
Gpr171,AAGGTCACCGAGACTTTCGCC,GTCTCGTGGGCTCGGAGATGTGTATAAGAGACAGAGCCAACCCTGCACTCTCAC
Gstm1,AGTAGGCCCTTGCTACACGG,GTCTCGTGGGCTCGGAGATGTGTATAAGAGACAGCACAGCCCGTTTCTGCGAAC
Gypa,TGGAGGAATGCCGTCACCAA,GTCTCGTGGGCTCGGAGATGTGTATAAGAGACAGGTGGTGACAACAGTGTGCCTTT
Gzma,ACCAGGAACCAGATGCCGAG,GTCTCGTGGGCTCGGAGATGTGTATAAGAGACAGGCAATGGGGATTCTGGCAGC
Gzmb,CCACCATGCTGTGACAACCC,GTCTCGTGGGCTCGGAGATGTGTATAAGAGACAGGCACCCAAGTTGCTGATGTGT
Gzmc,CAGGCGCAATGCTCATGTGA,GTCTCGTGGGCTCGGAGATGTGTATAAGAGACAGGCTGCAGGCATCGTCTCCTA
Gzmk,CAAGCTTGCCCCATCACGTG,GTCTCGTGGGCTCGGAGATGTGTATAAGAGACAGGACCTGGCGTCCTCTTCAGA
Gzmm,TCCAAGCCGGCAGAAGGTAC,GTCTCGTGGGCTCGGAGATGTGTATAAGAGACAGTGTAGCCCCCTACAGCTCCT
H2-Eb1,CCTGTCACGGTCGAGTGGAA,GTCTCGTGGGCTCGGAGATGTGTATAAGAGACAGTCTGTGCTCCTGATGGCTGT
Hba-a1,GGGGGAAGATTGGTGGCCAT,GTCTCGTGGGCTCGGAGATGTGTATAAGAGACAGCACCACCCTGCCGATTTCAC
Hba-a2,GGGGGAAGATTGGTGGCCAT,GTCTCGTGGGCTCGGAGATGTGTATAAGAGACAGCACCACCCTGCCGATTTCAC
Hebp1,AGCCCTATGGACGCCGTAAC,GTCTCGTGGGCTCGGAGATGTGTATAAGAGACAGCTTAGGGTCAAGGGGCGGGA
Hmbs,TGGTTGGAATCACTGCCCGT,GTCTCGTGGGCTCGGAGATGTGTATAAGAGACAGCTGCCACTCCACTGCCTACT
Hmgb1,CCCCCTGTACACAACTCACTCC,GTCTCGTGGGCTCGGAGATGTGTATAAGAGACAGAGCAGGTTCTTGTTGGTGCAC
Hspd1,ATGGGAGGCGGCATGTTCTA,GTCTCGTGGGCTCGGAGATGTGTATAAGAGACAGACTGCTGTCATTGTCCATGCC
Ifitm1,ATGCCTGAGATCTCCACGCC,GTCTCGTGGGCTCGGAGATGTGTATAAGAGACAGTCACCATCCTCACGGCCATC
Ifitm2,AGCTGTTGTGAGGACCACCG,GTCTCGTGGGCTCGGAGATGTGTATAAGAGACAGAGATGGTGGGCGATGTGGTT
Ifitm3,GGACAGCCCCCAAACTACGA,GTCTCGTGGGCTCGGAGATGTGTATAAGAGACAGGCCTACGCCTCCACTGCTAA
Ifitm6,CCCATGCTTCAACCGCCAAG,GTCTCGTGGGCTCGGAGATGTGTATAAGAGACAGTGGGACTCCATGCACTGTCAA
Ifitm7,GCCTGATCCTCTCCGTCGTC,GTCTCGTGGGCTCGGAGATGTGTATAAGAGACAGAAGCTTCTACCCCCGGCTTC
Igll1,ATGTCTTTGGTGGTGGGACCC,GTCTCGTGGGCTCGGAGATGTGTATAAGAGACAGTGACCAGTGGATGCCTCACAG
Ikzf2,TGAACTTGACTTGCATTTGTGGGT,GTCTCGTGGGCTCGGAGATGTGTATAAGAGACAGCACATCGCTGCTCCAACAGT
Il2rb,GAGCCAGTGCAGACGGGAT,GTCTCGTGGGCTCGGAGATGTGTATAAGAGACAGTGCCTCGGTTCCCAAATAGGA
Il5ra,GGGCAGTCTCTGGATGGTCTT,GTCTCGTGGGCTCGGAGATGTGTATAAGAGACAGTGCAAATTGTGTGCCTGGCAA
Il7r,GGATTGGAGTGTCTGTCCGGT,GTCTCGTGGGCTCGGAGATGTGTATAAGAGACAGGGTTCTGCCAATTTTCCTCTTGGT
Irf4,GCTCACTGTCACGTGAACGC,GTCTCGTGGGCTCGGAGATGTGTATAAGAGACAGAGTGAAAGACCTGCTGGGGAC
Irf8,GGGGAAAAGCCTGAGGGTCC,GTCTCGTGGGCTCGGAGATGTGTATAAGAGACAGGACCTTCCCGGCTACTGTGT
Itga2b,CCTACCTTACTCGGTGCCGG,GTCTCGTGGGCTCGGAGATGTGTATAAGAGACAGGGAATCGACCGCCTCTGGAG
Kit,TCACCAGTTACCGCGCTCTG,GTCTCGTGGGCTCGGAGATGTGTATAAGAGACAGTTCCTGAGCCCATGAGTCCCT
Klf1,TGTGACTGGAGGTTCGCTCG,GTCTCGTGGGCTCGGAGATGTGTATAAGAGACAGCCTCACATGTCCTCAGGGAGC
Klrb1,GGCTGACGGTCTGGTTGACT,GTCTCGTGGGCTCGGAGATGTGTATAAGAGACAGAGCTGTGCCCTCATCTCACAA
Klrb1a,CTCTGCTGTCTGCCTCTCAGT,GTCTCGTGGGCTCGGAGATGTGTATAAGAGACAGTGCCATTCTACGTGAGGGGT
Klrb1b,ATGAGCAGGAGGGATCCCATG,GTCTCGTGGGCTCGGAGATGTGTATAAGAGACAGCCATCTAGATCCCCGAGGGC
Klrb1c,GGCTGGCTGGTGACTCGTAT,GTCTCGTGGGCTCGGAGATGTGTATAAGAGACAGTGACATCAGAGCAGGCATGGT
Klrb1f,TTCTGGGCCATTGGAGTGGG,GTCTCGTGGGCTCGGAGATGTGTATAAGAGACAGACTTGTCTCTTCCCACTGCCC
Klrd1,GGCCAGAGCACTGCATTGTT,GTCTCGTGGGCTCGGAGATGTGTATAAGAGACAGAGACAAGGAAGGTCCACGGTT
Klre1,GAGAGACAGTCAGCGTGCCT,GTCTCGTGGGCTCGGAGATGTGTATAAGAGACAGACCATTCGGTTCTACCCTCTGG
Klrk1,ATCTGCATGAAAAGGGCGGTG,GTCTCGTGGGCTCGGAGATGTGTATAAGAGACAGCTGTGGGGCCAAGGAACCA
Lcn2,CGGACTACAACCAGTTCGCC,GTCTCGTGGGCTCGGAGATGTGTATAAGAGACAGCCCCACCGACCAATGCATTG
Lgals1,TCGGACGCCAAGAGCTTTGT,GTCTCGTGGGCTCGGAGATGTGTATAAGAGACAGTCAAGCTGCCAGACGGACAT
Lgals3,GCACAGTGAAACCCAACGCA,GTCTCGTGGGCTCGGAGATGTGTATAAGAGACAGACCTCCGGGAAATCAGCCAA
Lmo2,GACCAGCATGCACTGTGCC,GTCTCGTGGGCTCGGAGATGTGTATAAGAGACAGCCTTCCCGTGGCCTTAAGCT
Lmo4,AGGACTCCATGAACCTGGGC,GTCTCGTGGGCTCGGAGATGTGTATAAGAGACAGTAACAATTAGCAGGGCCCCGG
Ly6c2,TCCTGTTGCAGCGAAGACCT,GTCTCGTGGGCTCGGAGATGTGTATAAGAGACAGGGGTAAGTGCCCGACTCCTC
Ly86,ACTATGCCGGCCCTGTCAAT,GTCTCGTGGGCTCGGAGATGTGTATAAGAGACAGTCCAGGGACAGATGTTCCCAG
Mecom,GAGTGCCCAATAGTGTTTGGCTT,GTCTCGTGGGCTCGGAGATGTGTATAAGAGACAGGCAAGCTTGTGCGATGATGTT
Meis1,CGTGCGCTCTCTCTCTCTCT,GTCTCGTGGGCTCGGAGATGTGTATAAGAGACAGAGCATCATCGTCCCCATGCA
Mgl2,CAGCCCACTCCCCACAACTTA,GTCTCGTGGGCTCGGAGATGTGTATAAGAGACAGGGGCTGTGTAGTCTCCCCTC
Mllt3,AGGGTCAGCTTGAGTGACGG,GTCTCGTGGGCTCGGAGATGTGTATAAGAGACAGGGGAACGACACATTCTGCAGC
Mpeg1,CTACCACCTGCCCAGCCAA,GTCTCGTGGGCTCGGAGATGTGTATAAGAGACAGCAGCCTTCAGGAACGGGGAG
Mpl,CTGGTCCTGTCGTTCACACCT,GTCTCGTGGGCTCGGAGATGTGTATAAGAGACAGTTGAGAACACACTGGCTGGGA
Mpo,ATCTGGATGGGCGGTGTGTC,GTCTCGTGGGCTCGGAGATGTGTATAAGAGACAGCAACACTGGCATCACCACCG
Ms4a1,TGGTGGAGTCCCTTTTGCATG,GTCTCGTGGGCTCGGAGATGTGTATAAGAGACAGTCTTGGCTTCTGGTCACATCGT
Ms4a2,AACACCCCCAAAACAGCTGAG,GTCTCGTGGGCTCGGAGATGTGTATAAGAGACAGACATCCGTCTCTCCACACAGC
Ms4a3,GGGTTGCCAATCTTCACCGT,GTCTCGTGGGCTCGGAGATGTGTATAAGAGACAGAGAACCTGAACACTCAGCCCC
Ms4a4b,CCAAGGGACCAATGTTCCAGG,GTCTCGTGGGCTCGGAGATGTGTATAAGAGACAGGGAGTTCACATTTTTGGGGGTGG
Ms4a6c,GCCCATTGGTCAGGCAAACT,GTCTCGTGGGCTCGGAGATGTGTATAAGAGACAGTCTCTGCTATGACGTGGGTCT
Mt1,CCGGACTCGTCCAACGACTA,GTCTCGTGGGCTCGGAGATGTGTATAAGAGACAGCTGCTCCAAATGTGCCCAGG
Mt2,GGGGACTGCTGACGGGATTT,GTCTCGTGGGCTCGGAGATGTGTATAAGAGACAGAGAGGCTTCCGACAAGTGCA
Myct1,CCAGACTTCCGCTGGTCCAG,GTCTCGTGGGCTCGGAGATGTGTATAAGAGACAGAGCCACGGCCCCAGTAAGTA
Myl4,GCAACACATCTCCCGCAACA,GTCTCGTGGGCTCGGAGATGTGTATAAGAGACAGAGCTTCGGCATGTCCTTGCT
Nfkbia,TGGGGTGATTCGGCTGTTGT,GTCTCGTGGGCTCGGAGATGTGTATAAGAGACAGAAGTGAGCCCAGTGTGTCCTC
Nfkbiz,AGTTGTTGAAGTTTCTGTTTCTCCT,GTCTCGTGGGCTCGGAGATGTGTATAAGAGACAGGATGCCCTTTGGATTGGATTGGA
Nkg7,TCTGTCTTGCATCCCAGCCC,GTCTCGTGGGCTCGGAGATGTGTATAAGAGACAGGGTGCTCACTGTAGAACCCGT
Nr4a1,ACGTGCGTGCTCTTCTGTCA,GTCTCGTGGGCTCGGAGATGTGTATAAGAGACAGAGTCCTGGCCTTCGTGTGTT
Nrgn,CCCCTTCGCAGTGACAAGAC,GTCTCGTGGGCTCGGAGATGTGTATAAGAGACAGGCCAAGTCCGTGCCCTTTTT
Pafah1b3,AGCATGTACTCTGGCGGCTT,GTCTCGTGGGCTCGGAGATGTGTATAAGAGACAGGTAAACGAGCTGGTTCGGGC
Pbx1,GGCACCCTTTTCACGTCACC,GTCTCGTGGGCTCGGAGATGTGTATAAGAGACAGAGCTTCTCTGCTTCCGTGCG
Pde4b,GGGCTCTGCTCTAATTGTGGC,GTCTCGTGGGCTCGGAGATGTGTATAAGAGACAGACGTGTCATGCTTCAGTTCAGC
Pdgfra,TGCCAACCTGTACAAAATGGTCC,GTCTCGTGGGCTCGGAGATGTGTATAAGAGACAGTGTTCCCAACATGGTGGTGTG
Pdgfrb,GACAGACGTCCCATGCAGGA,GTCTCGTGGGCTCGGAGATGTGTATAAGAGACAGTGCAAGTGCCTGGGGACTAG
Pdia6,GATGAGTTGTGAGCCACGGC,GTCTCGTGGGCTCGGAGATGTGTATAAGAGACAGAGTTCTTCCGGGCAGCTGTC
Pf4,GTTTCTGCCAGCGGTGGTTG,GTCTCGTGGGCTCGGAGATGTGTATAAGAGACAGGACCGGCAAGCACCCCTATAT
Pglyrp1,TTCTGCAACAGCCCGGACTC,GTCTCGTGGGCTCGGAGATGTGTATAAGAGACAGAAAGGACACCGGGATGTGCA
Phlda1,ATAACGCGCGCTTGCAGTTC,GTCTCGTGGGCTCGGAGATGTGTATAAGAGACAGCTCCCCCTCCTCGCCAAAAA
Plaur,TGAGGATGTGTGTGCCCTCG,GTCTCGTGGGCTCGGAGATGTGTATAAGAGACAGAGTGAACAAGGTTGGGTCTCCC
Pld4,ACAGACAAGTCCCGAGCCAG,GTCTCGTGGGCTCGGAGATGTGTATAAGAGACAGCACTGAGGGCCCGAGATTGT
Plscr1,GGATCCAGTTCCCGCTAGACC,GTCTCGTGGGCTCGGAGATGTGTATAAGAGACAGCCTGGGTGCCCTGTTGTACAA
Prf1,CCTGCAATGCCCGAAAGCTT,GTCTCGTGGGCTCGGAGATGTGTATAAGAGACAGACATGGCTTGACAGAGGGCT
Prss50,GTGCCTCGGACAACAACAGG,GTCTCGTGGGCTCGGAGATGTGTATAAGAGACAGGATCTGGGACCGGCTCAGTG
Prss57,ATGGAAGTCGAGGTGCGCAT,GTCTCGTGGGCTCGGAGATGTGTATAAGAGACAGCCCCTGGTTCTACTGGACGC
Prtn3,ACTGAACGTCACGGTGGTCA,GTCTCGTGGGCTCGGAGATGTGTATAAGAGACAGTGATTTCTTCGCCCGGGTGT
Retnlg,GCCAATCGAGATGACTGTCCCT,GTCTCGTGGGCTCGGAGATGTGTATAAGAGACAGCACTGGTTGTGCTTGTGGCT
Rgcc,GCTGTCACTCCTCGGAAAGC,GTCTCGTGGGCTCGGAGATGTGTATAAGAGACAGTGGGCAGTTCGGAGAGTGAA
Rhd,CCACTACACCTTCGGCTTGC,GTCTCGTGGGCTCGGAGATGTGTATAAGAGACAGCGAAGCCGGGTGAGAAGAGA
S100a6,CCCCTCGACCACTCCTTTGG,GTCTCGTGGGCTCGGAGATGTGTATAAGAGACAGCCATTGGCTCCAAGCTGCAG
Sdc1,CCATTTTTGGCGGCCCGTAA,GTCTCGTGGGCTCGGAGATGTGTATAAGAGACAGCCCAAGCGTCTCCCACCTTT
Sdf2l1,GAGCAGATCTCTCCACGGGT,GTCTCGTGGGCTCGGAGATGTGTATAAGAGACAGTGGGGAAGATCTGAAGGTGCC
Selp,TGGAACAGAGCCAAGACGTCA,GTCTCGTGGGCTCGGAGATGTGTATAAGAGACAGACCCTCTAAATGACAGCTGGACC
Siglecg,TGCTCTCAACTTCTCCCGCC,GTCTCGTGGGCTCGGAGATGTGTATAAGAGACAGAGGTCAGAGTCCACTGAGGGT
Siglech,ATTCCCTTGCAGAGACATCCTCC,GTCTCGTGGGCTCGGAGATGTGTATAAGAGACAGTGGAGGCAAAGACAGGAAGGT
Skil,GTGTGTGACATGAACTGCTGCA,GTCTCGTGGGCTCGGAGATGTGTATAAGAGACAGAATCTTCCCACTTAAATGGCTTTT
Slamf7,AAAGCCACTCGTGCCAAGGT,GTCTCGTGGGCTCGGAGATGTGTATAAGAGACAGTGCCCATCCTGTCTCCGGTA
Slc11a1,CAGCATCAACGTGGTGGCTT,GTCTCGTGGGCTCGGAGATGTGTATAAGAGACAGCTGGAGAGACGGCTCAGCTG
Slc7a7,CCAGAGCACAAACGACCACTG,GTCTCGTGGGCTCGGAGATGTGTATAAGAGACAGTGGATGATGCAGACTGTGGCA
Slpi,CTGCCAAGATGCTTGCGGTT,GTCTCGTGGGCTCGGAGATGTGTATAAGAGACAGCTCTGGACTCGTGCTCGGTG
Spib,TAGAAAGCACTCCCGCCACC,GTCTCGTGGGCTCGGAGATGTGTATAAGAGACAGGGCACTCAGGCTTCCGTCTC
Srm,CTACCTATCCCAGCGGCCAG,GTCTCGTGGGCTCGGAGATGTGTATAAGAGACAGCACTGTGACACCACCCGAGA
Tal1,AAAACCAAGGGCACAGCAACT,GTCTCGTGGGCTCGGAGATGTGTATAAGAGACAGGCACTTTGCGTCAGTGTCGT
Tfrc,GCACCACTCGCCCAAGTTAT,GTCTCGTGGGCTCGGAGATGTGTATAAGAGACAGTCTTGGGTGAAATGTGGATCTGAGT
Tifa,GGCTGCCCTATAGAAGTCAGTACC,GTCTCGTGGGCTCGGAGATGTGTATAAGAGACAGGGTGGGGGAAGTTAGCCACA
Tmem14c,ACAGCTGTAACCCCGAGTGG,GTCTCGTGGGCTCGGAGATGTGTATAAGAGACAGCAAGCGTCCGACTTCAGCTC
Tmem176b,AAGCATGGACCCTGGGTATGG,GTCTCGTGGGCTCGGAGATGTGTATAAGAGACAGGAGGACGCGACTGTTCCCAG
Tsc22d1,GGTGACAGGTAGCTGGGACC,GTCTCGTGGGCTCGGAGATGTGTATAAGAGACAGAACTCCCCGTGACCGATGTC
Vcam1,GCCGTCGCGAGGTTGTTTAG,GTCTCGTGGGCTCGGAGATGTGTATAAGAGACAGAGGCAAACGGTAAAGAGGTCACT
Vpreb1,GTCCCGATATCCCACCTCGC,GTCTCGTGGGCTCGGAGATGTGTATAAGAGACAGAGAGGATGGAGAGGGAGTGGG
Vpreb2,TGGTGCATCAGCCACCATCA,GTCTCGTGGGCTCGGAGATGTGTATAAGAGACAGTCCGGGTCCAAAGATACGGC
Vpreb3,AACTCTGACCCAGCCTGACG,GTCTCGTGGGCTCGGAGATGTGTATAAGAGACAGAGCCCACAACGCCTGTATCC
Vwf,TCACAGCCAAGGTGCAGTACA,GTCTCGTGGGCTCGGAGATGTGTATAAGAGACAGTCATCAACGCCATGCAGTGC
Wfdc21,TCTTGGCCCTGCTGCGTATT,GTCTCGTGGGCTCGGAGATGTGTATAAGAGACAGGGACTGTGGGCCAGAGGAAC
Xcl1,CCCCATGGGTTGTGGAAGGT,GTCTCGTGGGCTCGGAGATGTGTATAAGAGACAGGGGGGCCATGAGAGCTGTAAT
Zc3h12a,GGCACCACCGGCTAGTTAGG,GTCTCGTGGGCTCGGAGATGTGTATAAGAGACAGCCATGGGTGGGAGGACACAT
