gene_id,outer_sequence,inner_sequence,Note,Genome wide expression rank
ARFIP2,GGCCTGACACCAGTTTTGCC,GTCTCGTGGGCTCGGAGATGTGTATAAGAGACAGCCCTGGGCCAATGATGTTGC,,4518
BET1L,CCCTCCCCGCCTCTCTTATC,GTCTCGTGGGCTCGGAGATGTGTATAAGAGACAGAGCCCTGTACACCTGACCCT,,5297.5
CARS,GCCGTGTTGCGTGTTCTAGG,GTCTCGTGGGCTCGGAGATGTGTATAAGAGACAGAGTGACAATGTCCCAGCGCT,,3156.5
CD151,TCTGCCTGGTGGTCAGATGC,GTCTCGTGGGCTCGGAGATGTGTATAAGAGACAGGTCACCACCACCCGAAATGC,,1246
CD81,TCAGGGCTGACGTCACATGT,GTCTCGTGGGCTCGGAGATGTGTATAAGAGACAGCCCAGAGACTCAGCTTGGCC,,4263
CHID1,GTTGTCGGGGCCAGGTACAT,GTCTCGTGGGCTCGGAGATGTGTATAAGAGACAGGGCACGTCGTCTTCTACCCA,,2265.5
COPB1,GGCAGCCAACCTTTATGCTCG,GTCTCGTGGGCTCGGAGATGTGTATAAGAGACAGTGCTGCTGTTACCGGCCATA,,2945
CTR9,AGAGGCTCAGAACATGGGTCAG,GTCTCGTGGGCTCGGAGATGTGTATAAGAGACAGAAGGTTTGACTGAAACTGTGGCA,,3226
CTSD,CTCCCTTGGAAACCTGCCCT,GTCTCGTGGGCTCGGAGATGTGTATAAGAGACAGAACCCACCTTGTTGGAGCCT,,2641
DEAF1,AAGGTGACCGTGTGAGGCTC,GTCTCGTGGGCTCGGAGATGTGTATAAGAGACAGGGATCATGAGCGTCCGGTCT,,3086
EIF3F,CAGCTAAGGCACCCCTAGTCT,GTCTCGTGGGCTCGGAGATGTGTATAAGAGACAGACCTGGCCAACCTCACACAG,,1044
FANCF,TTGGGTTGGAACTGAGTCCCAA,GTCTCGTGGGCTCGGAGATGTGTATAAGAGACAGACAAGTTTTGGGTCTCAGCGC,,6326
FAR1,AGGGAAAGAATACAGGCAGGATGA,GTCTCGTGGGCTCGGAGATGTGTATAAGAGACAGTCCAGGGTGTCATTGGGTTCC,,5136
GATA1,CCACTGACCATGCGGAAGGA,GTCTCGTGGGCTCGGAGATGTGTATAAGAGACAGGGTGCTGTCAGGGCCTGTTA,,643
GTF2H1,TCCAAGTTACGAAGCTCTGTCCA,GTCTCGTGGGCTCGGAGATGTGTATAAGAGACAGACATCTGCTCCACGCCAACT,,2757
HBB,CCTGAGGAGAAGTCTGCCGT,GTCTCGTGGGCTCGGAGATGTGTATAAGAGACAGGCAAGAAAGTGCTCGGTGCC,,8860.5
HBD,GGGCAGAGTCGACTGTTGCT,GTCTCGTGGGCTCGGAGATGTGTATAAGAGACAGGGCAAGAAGGTGCTAGGTGC,,2315
HBE1,GCCTGGCATCATGGTGCATT,GTCTCGTGGGCTCGGAGATGTGTATAAGAGACAGACAACCTCAAGCCCGCCTTT,,10
HBG1,CTGGGAAGGCTCCTGGTTGT,GTCTCGTGGGCTCGGAGATGTGTATAAGAGACAGTGCCACAAAGCACCTGGATG,Omitted in screen (Fig. 3),11
HBG2,CTGGGAAGGCTCCTGGTTGT,GTCTCGTGGGCTCGGAGATGTGTATAAGAGACAGAAGATGGTGACTGGAGTGGCC,Omitted in screen (Fig. 3),4
HRAS,TGTGTGCTCTCCTGACGCAG,GTCTCGTGGGCTCGGAGATGTGTATAAGAGACAGGGAAGGAGGTGCAGACGGAA,,2311
HTATIP2,ATCCATGACCTGGGGAAAGCG,GTCTCGTGGGCTCGGAGATGTGTATAAGAGACAGCCTGATGCCACTGGTTCCGA,,1738
IFITM2,TCTGAGCCGGTCTAGGGACA,GTCTCGTGGGCTCGGAGATGTGTATAAGAGACAGGCTCTGCCCGTGACCTGTAT,,1978
ILK,TGTGGGAACTGGTGACACGG,GTCTCGTGGGCTCGGAGATGTGTATAAGAGACAGTGGTTGGGGGAATGCACCTC,,2609
IPO7,TGGCCTGTTTTTAATCCTGTGCC,GTCTCGTGGGCTCGGAGATGTGTATAAGAGACAGAGGCACATGGTTCCCTCCAAA,,2415
MOB2,TTCTCTGGTCTCCGTGCAGC,GTCTCGTGGGCTCGGAGATGTGTATAAGAGACAGATGGTGCAGTCCTCAGGCAA,,4887.5
MRPL17,CTAACGAACGAGCCATGCGC,GTCTCGTGGGCTCGGAGATGTGTATAAGAGACAGATCGGAGTTTGGATCGGGCC,,1974
MRPL23,TTATCAACTGCCGCACGTGC,GTCTCGTGGGCTCGGAGATGTGTATAAGAGACAGCTGGTTCGGGCTGTGACGG,,3581
MYC,CACACAACGTCTTGGAGCGC,GTCTCGTGGGCTCGGAGATGTGTATAAGAGACAGAGCTACGGAACTCTTGTGCGT,,887
NAP1L4,ACCAGGGCTGAAGATGCGAG,GTCTCGTGGGCTCGGAGATGTGTATAAGAGACAGGGTTTGGTGTGACCGCTTGG,,1520
NCR3LG1,CAGCGTCTCCTCCTGGTTGA,GTCTCGTGGGCTCGGAGATGTGTATAAGAGACAGTTGGCCAGGGCATATCGTGT,,8726.5
NUCB2,CACCCAGGAAGCAAAGATCAACT,GTCTCGTGGGCTCGGAGATGTGTATAAGAGACAGAGTGATGGATTCCTGGATGAACA,,1475
NUP98,TGTGCAGGAACCCTTGGTCA,GTCTCGTGGGCTCGGAGATGTGTATAAGAGACAGATGGAGTTGGGCGTTAGGGG,,4411
PDE3B,ACCATCCGTGTTGACCCATGT,GTCTCGTGGGCTCGGAGATGTGTATAAGAGACAGCCAGTGTTGCCTTTCTGAGGG,,7086
PGAP2,TCTCTGCACGGGGGTCATTC,GTCTCGTGGGCTCGGAGATGTGTATAAGAGACAGCCATCTGAGCCTCGGTGTGT,,4597
PHRF1,TGGTGAAGGCGTACGTGGAC,GTCTCGTGGGCTCGGAGATGTGTATAAGAGACAGGTCTGTGCACCTGTGTTGCTC,,7142
PKP3,GCGAAGGGCTATCGGAAGGA,GTCTCGTGGGCTCGGAGATGTGTATAAGAGACAGAGGCTGCTCTGGTGTATGGG,,2940
PNPLA2,CTTCCCGCCCGAAGCTCTG,GTCTCGTGGGCTCGGAGATGTGTATAAGAGACAGCTGCATGCACTGAGAGGGGA,,5479
POLR2L,CTTGTGGCAAGATCGTCGGC,GTCTCGTGGGCTCGGAGATGTGTATAAGAGACAGTCCTGCCCCGAATTCACGAG,,569
PSMD13,TGAAGGACCGCCTGGAGTTC,GTCTCGTGGGCTCGGAGATGTGTATAAGAGACAGTTTGGGTGGGGGTTGGGATC,,1181
RASSF7,CCCCGAGGGTATGTCTGTGC,GTCTCGTGGGCTCGGAGATGTGTATAAGAGACAGAGGAGAGTTGGCGGTCACAG,,4042
RIC8A,TCTGGGATTGGCACACTGGC,GTCTCGTGGGCTCGGAGATGTGTATAAGAGACAGAAATGCCCCTCGTGTGACCA,,3375
RNH1,CCGACTGCGATGTGAGTGAC,GTCTCGTGGGCTCGGAGATGTGTATAAGAGACAGCAAGCCATCCCTGAGGGTCA,,761
RPL27A,GCTTCTGCCCAACTGTCAACC,GTCTCGTGGGCTCGGAGATGTGTATAAGAGACAGGGTGCGATCGGGCTACTACA,,77
RPLP2,TCCAGTGGACCTCTGAGGGT,GTCTCGTGGGCTCGGAGATGTGTATAAGAGACAGAGCTTGCCAGTGTACCTGCT,,25
RRAS2,ACAACAGTTAGCACGGCAGC,GTCTCGTGGGCTCGGAGATGTGTATAAGAGACAGAGCTACCAACGGCCAGGAAA,,5845
RRM1,CTTACCGAGCGGGGCCTATG,GTCTCGTGGGCTCGGAGATGTGTATAAGAGACAGAGGACAAGACCAGCGGCTAA,,1751
RRP8,GCAGCCGCTTTGAGGATGTT,GTCTCGTGGGCTCGGAGATGTGTATAAGAGACAGGACCTGGTTCCTGGTGGACC,,3640.5
SAAL1,TGCCAGTCTGATGATCCACCC,GTCTCGTGGGCTCGGAGATGTGTATAAGAGACAGTCGGCAGAGTCTAACACAGAGG,,2802.5
SIGIRR,TTGAGGACTCTTCCCGGCAC,GTCTCGTGGGCTCGGAGATGTGTATAAGAGACAGGGCTCGCGAAACTACAGTGC,,1284
SIRT3,GGGCCACCCCGTCACATATA,GTCTCGTGGGCTCGGAGATGTGTATAAGAGACAGGCCTAGTTGAACGGCAAGCT,,7018
SLC25A22,TCCTGAGTCCTCCACCCTGG,GTCTCGTGGGCTCGGAGATGTGTATAAGAGACAGGATCCCTGCTGTGAGCCGAA,,5567
SPTY2D1,GGCCTGTGAGCAGTCCACAT,GTCTCGTGGGCTCGGAGATGTGTATAAGAGACAGCAGTGAGCAGCTTGGGACCT,,7101
STIM1,TCTGTTTGCTCCAGACTGGGG,GTCTCGTGGGCTCGGAGATGTGTATAAGAGACAGTCAGGCCTCCAGGGATCCAT,,7725
SVIP,TTGTGCTGCATCGCGTTACA,GTCTCGTGGGCTCGGAGATGTGTATAAGAGACAGAGTGATACCATCAGAGGGCAGTG,,1841
TALDO1,GAACCCCACTTCCAGCGTGA,GTCTCGTGGGCTCGGAGATGTGTATAAGAGACAGAGTTTGCCGCTGATGCAGTG,,212
TEAD1,CTGCCTTCGGGTAACTGGGT,GTCTCGTGGGCTCGGAGATGTGTATAAGAGACAGACGTCTGTGTTTAGGTACTGGT,,8229
TIMM10B,GCCCTGGCAGCTGAGAAATTG,GTCTCGTGGGCTCGGAGATGTGTATAAGAGACAGGGAGATTGGTTCCTGCCCAGA,,2412
TMEM41B,ACAGTGACAGCAAAACACAAGTGA,GTCTCGTGGGCTCGGAGATGTGTATAAGAGACAGGAAAGTGCTTTTTGCTGCTTGGT,,3196
TMEM9B,GGGATGCCTGGGAAGTGGTTA,GTCTCGTGGGCTCGGAGATGTGTATAAGAGACAGGCTGTGTCTGCACTTCATGGT,,3796
TOLLIP,GTTCCCCAACATGGACCAGGA,GTCTCGTGGGCTCGGAGATGTGTATAAGAGACAGGTGAAAGAGCACCCGTGTCG,,5392
TPP1,GTGAATGTTTTGATTCCCTGAGGCT,GTCTCGTGGGCTCGGAGATGTGTATAAGAGACAGGTGGCAGATGTTAACGCCCT,,5149
TSG101,AACTGGAAGAGATGGTTACCCGT,GTCTCGTGGGCTCGGAGATGTGTATAAGAGACAGGAAGGGGCGTGATAGACCTGG,,2142
TSPAN4,TGGAAGGCCCTAGCTCAGGT,GTCTCGTGGGCTCGGAGATGTGTATAAGAGACAGGGAAAACAGGTTGGCGCTGG,,2956
TSSC4,GAGGGGTCGAAGCCAGACAC,GTCTCGTGGGCTCGGAGATGTGTATAAGAGACAGGGAGTCGAGACCACTTCCGG,,2630
USP47,TCTGTGATGATGGTGCGGTCA,GTCTCGTGGGCTCGGAGATGTGTATAAGAGACAGCCATTTTGGCCGGACATGGTT,,3241
WEE1,CCCTTTCCCTCCTTTGGAATGC,GTCTCGTGGGCTCGGAGATGTGTATAAGAGACAGTGTTTTGCCCGGTTTTTCTCTTCA,,3627.5
ZBED5,AGCACGGGACTATGAGAGCCT,GTCTCGTGGGCTCGGAGATGTGTATAAGAGACAGGCGTGCAGTGCGTGTACTTC,,6202
ZNF143,CACCAGCAGCATAGCCATCAC,GTCTCGTGGGCTCGGAGATGTGTATAAGAGACAGGAAATCCATGAAGCCCGGGC,,6256
ZNF195,CCACAGCCCAAATCCTTCCAA,GTCTCGTGGGCTCGGAGATGTGTATAAGAGACAGACACAGGAGGATTCACACCGG,,4818
ZNF215,AGGGCTCTGTGATCAGCCTC,GTCTCGTGGGCTCGGAGATGTGTATAAGAGACAGCCTCCCCATCAGAGCTGAACT,,7991.5
TRIM5,TCGGCCTCCCAAAGTGCTG,GTCTCGTGGGCTCGGAGATGTGTATAAGAGACAGACCCTGGTTCGGTTATTACGCA,,7589.5
ZFPM2,CTCAAATGGGTGTGCTGCGC,GTCTCGTGGGCTCGGAGATGTGTATAAGAGACAGCCTCAGCACGAAGACGACCA,,7665.5
EIF4G2,GGACCTTCTTTGCTGCCAGTT,GTCTCGTGGGCTCGGAGATGTGTATAAGAGACAGATCCTTGAGCCTGGGCAAGTG,,640
RHOG,GTTGTGCCTTGGTGCCTTGT,GTCTCGTGGGCTCGGAGATGTGTATAAGAGACAGCCCCCTCCCATTTTCCGCTA,,1228
AKIP1,ACAGAGGCGAGTCGAAGCTG,GTCTCGTGGGCTCGGAGATGTGTATAAGAGACAGGACAAAGCGTGGACCTGGTC,,2922
C11orf58,TGTTTGCTTTCAAATGCCATGGG,GTCTCGTGGGCTCGGAGATGTGTATAAGAGACAGTGGGGGAAATGCTTCTTTTTGTTTG,,823
CSNK2A3,GTGAGCAGAAGGGAGAGCGG,GTCTCGTGGGCTCGGAGATGTGTATAAGAGACAGGCTTTGTCCGCCAACCTGTC,,16389
IFITM1,ACTGGTGCTGTCTGGGCTTC,GTCTCGTGGGCTCGGAGATGTGTATAAGAGACAGACTAGTAGCCGCCCATAGCC,,3443
LDHA,TGGACTGGGAAAAACATCAACTCC,GTCTCGTGGGCTCGGAGATGTGTATAAGAGACAGGCCAGGTGGATGTTTACCGTG,,169
PRMT3,ATGGAAAAGAGCTTCAGCCTTCA,GTCTCGTGGGCTCGGAGATGTGTATAAGAGACAGCAAACCAGATTTATGTGCAAAGGT,,4284
PSMA1,TGGTCTGCGTGCCTTAAGAGA,GTCTCGTGGGCTCGGAGATGTGTATAAGAGACAGACCACAGAGAAAGGCACAGC,,355
RPS13,CATCTGACGACGTGAAGGAGC,GTCTCGTGGGCTCGGAGATGTGTATAAGAGACAGAGACCAAGCGAGTCCTCCCT,,39
TAF10,GGCCTCAGACCCACGCATAA,GTCTCGTGGGCTCGGAGATGTGTATAAGAGACAGGCCCTCAGCGAGTATGGCAT,,2090
