id,name,read,pattern,sequence,feature_type
CD3,CD3_TotalSeqB,R2,^NNNNNNNNNN(BC)NNNNNNNNN,CTCATTGTAACTCCT,Antibody Capture
CD4,CD4_TotalSeqB,R2,^NNNNNNNNNN(BC)NNNNNNNNN,TGTTCCCGCTCAACT,Antibody Capture
CD8a,CD8a_TotalSeqB,R2,^NNNNNNNNNN(BC)NNNNNNNNN,GCTGCGCTTTCCATT,Antibody Capture
CD11b,CD11b_TotalSeqB,R2,^NNNNNNNNNN(BC)NNNNNNNNN,GACAAGTGATCTGCA,Antibody Capture
CD14,CD14_TotalSeqB,R2,^NNNNNNNNNN(BC)NNNNNNNNN,TCTCAGACCTCCGTA,Antibody Capture
CD15,CD15_TotalSeqB,R2,^NNNNNNNNNN(BC)NNNNNNNNN,TCACCAGTACCTAGT,Antibody Capture
CD16,CD16_TotalSeqB,R2,^NNNNNNNNNN(BC)NNNNNNNNN,AAGTTCACTCTTTGC,Antibody Capture
CD19,CD19_TotalSeqB,R2,^NNNNNNNNNN(BC)NNNNNNNNN,CTGGGCAATTACTCG,Antibody Capture
CD20,CD20_TotalSeqB,R2,^NNNNNNNNNN(BC)NNNNNNNNN,TTCTGGGTCCCTAGA,Antibody Capture
CD25,CD25_TotalSeqB,R2,^NNNNNNNNNN(BC)NNNNNNNNN,TTTGTCCTGTACGCC,Antibody Capture
CD27,CD27_TotalSeqB,R2,^NNNNNNNNNN(BC)NNNNNNNNN,GCACTCCTGCATGTA,Antibody Capture
CD28,CD28_TotalSeqB,R2,^NNNNNNNNNN(BC)NNNNNNNNN,TGAGAACGACCCTAA,Antibody Capture
CD34,CD34_TotalSeqB,R2,^NNNNNNNNNN(BC)NNNNNNNNN,GCAGAAATCTCCCTT,Antibody Capture
CD45RA,CD45RA_TotalSeqB,R2,^NNNNNNNNNN(BC)NNNNNNNNN,TCAATCCTTCCGCTT,Antibody Capture
CD45RO,CD45RO_TotalSeqB,R2,^NNNNNNNNNN(BC)NNNNNNNNN,CTCCGAATCATGTTG,Antibody Capture
CD56,CD56_TotalSeqB,R2,^NNNNNNNNNN(BC)NNNNNNNNN,TTCGCCGCATTGAGT,Antibody Capture
CD62L,CD62L_TotalSeqB,R2,^NNNNNNNNNN(BC)NNNNNNNNN,GTCCCTGCAACTTGA,Antibody Capture
CD69,CD69_TotalSeqB,R2,^NNNNNNNNNN(BC)NNNNNNNNN,GTCTCTTGGCTTAAA,Antibody Capture
CD80,CD80_TotalSeqB,R2,^NNNNNNNNNN(BC)NNNNNNNNN,ACGAATCAATCTGTG,Antibody Capture
CD86,CD86_TotalSeqB,R2,^NNNNNNNNNN(BC)NNNNNNNNN,GTCTTTGTCAGTGCA,Antibody Capture
CD127,CD127_TotalSeqB,R2,^NNNNNNNNNN(BC)NNNNNNNNN,GTGTGTTGTCCTATG,Antibody Capture
CD137,CD137_TotalSeqB,R2,^NNNNNNNNNN(BC)NNNNNNNNN,CAGTAAGTTCGGGAC,Antibody Capture
CD197,CD197_TotalSeqB,R2,^NNNNNNNNNN(BC)NNNNNNNNN,AGTTCAGTCAACCGA,Antibody Capture
CD274,CD274_TotalSeqB,R2,^NNNNNNNNNN(BC)NNNNNNNNN,GTTGTCCGACAATAC,Antibody Capture
CD278,CD278_TotalSeqB,R2,^NNNNNNNNNN(BC)NNNNNNNNN,CGCGCACCCATTAAA,Antibody Capture
CD335,CD335_TotalSeqB,R2,^NNNNNNNNNN(BC)NNNNNNNNN,ACAATTTGAACAGCG,Antibody Capture
PD-1,PD-1_TotalSeqB,R2,^NNNNNNNNNN(BC)NNNNNNNNN,ACAGCGCCGTATTTA,Antibody Capture
HLA-DR,HLA-DR_TotalSeqB,R2,^NNNNNNNNNN(BC)NNNNNNNNN,AATAGCGAGCAAGTA,Antibody Capture
TIGIT,TIGIT_TotalSeqB,R2,^NNNNNNNNNN(BC)NNNNNNNNN,TTGCTTACCGCCAGA,Antibody Capture
IgG1,IgG1_control_TotalSeqB,R2,^NNNNNNNNNN(BC)NNNNNNNNN,GCCGGACGACATTAA,Antibody Capture
IgG2a,IgG2a_control_TotalSeqB,R2,^NNNNNNNNNN(BC)NNNNNNNNN,CTCCTACCTAAACTG,Antibody Capture
IgG2b,IgG2b_control_TotalSeqB,R2,^NNNNNNNNNN(BC)NNNNNNNNN,ATATGTATCACGCGA,Antibody Capture
