Gene,Target,Protospacer sequence
TIMM10B,promoter,TGCCGCTCCATCACGCCAC
TIMM10B,promoter,CTGAAACGGAAGTGGCGTA
TIMM10B,promoter,CGCCGGTGGCGTGATGGAG
TIMM10B,promoter,CGAGCTCTGGACGCTGAGG
STIM1,promoter,AGGCGACAACAGCCTGACC
STIM1,promoter,GGCTCCTCAGGTCCAACAG
STIM1,promoter,GCCTGGGCACGGGACTGGG
STIM1,promoter,GCCCCGGCGGACCCACTGT
SVIP,promoter,GGGCAAGCGCGGAGGACCA
SVIP,promoter,CCGGCGCCCTATGAAGATC
SVIP,promoter,CCTGCGCCACCAGGTACAA
SVIP,promoter,CAGCTTGAGAACCCTGACC
CTSD,promoter,CGCAGCCTCCCTGGAGACG
CTSD,promoter,CGGAGGTGCAGGGGACCCG
CTSD,promoter,AACCCAGGGTGGCATATGG
CTSD,promoter,GCGGCGGCCGGGTCGGAGA
ZBED5,promoter,GTAGGGAGCCCCCCAGTCG
ZBED5,promoter,GGGTGGGCTGCGACTGGTA
ZBED5,promoter,CAGCTCAGGGATATCGCCT
ZBED5,promoter,TCCATAGAGATCCGATTCG
TSPAN4,promoter,GGCGGAGGAACCCACTACT
TSPAN4,promoter,GAACGCGGACAGGAGCCCG
TSPAN4,promoter,GGAAAGAGCGGAAAGAACG
TSPAN4,promoter,TGACTGACAGCTGCGCGGC
IFITM2,promoter,ATGGTGACCAGCGGTGATC
IFITM2,promoter,AGAGAAGGTTTGCACAATG
IFITM2,promoter,CCTTGAGCATCTCGTAGTT
IFITM2,promoter,CGTGCCTGACCATGTGGTC
RRP8,promoter,CAGGCCGCGAAGCGGACAT
RRP8,promoter,TTGGTTTCCGGGTCGGTTC
RRP8,promoter,CACGTGCACAGCGCTCCTC
RRP8,promoter,CAGCCAGGGGTTGCTAGAG
TMEM41B,promoter,GAGGTCGTCTCGGGTGAGG
TMEM41B,promoter,CGCTGGGCTGAGGTCGTCT
TMEM41B,promoter,TAGCCTGTGGTGGGCGCTG
TMEM41B,promoter,GACTCTCCGAGAATAGCGG
RASSF7,promoter,CGGGAGGTGCCCGCTCAGA
RASSF7,promoter,CCAGCCTGGAGACCCGCTC
RASSF7,promoter,ATGCCCGGACGGAGAGCGG
RASSF7,promoter,TGGGGCCCGTGCGGAGGGG
GATA1-A,enhancer,GGGCAGATAAGGGAATCAGT
GATA1-B,enhancer,GCGCTCAGGAAGAGAAGCCA
GATA1-C,enhancer,GTCTCCCCCAAAGCCTGATC
GATA1-D,enhancer,CGGCGACAGTTCAGCCAGCA
HS2-A,enhancer,AATATGTCACATTCTGTCTC
HS2-B,enhancer,GGACTATGGGAGGTCACTAA
HS2-C,enhancer,GAAGGTTACACAGAACCAGA
HS2-D,enhancer,GCCCTGTAAGCATCCTGCTG
MYC-A,enhancer,GGAGCCAGATAAGTCAACGG
MYC-B,enhancer,GTGTGTCCCACCTGATTACT
MYC-C,enhancer,CTGATTACTGGGAAGTGCAA
MYC-D,enhancer,AACCGAAGAACAGCTGTTGG
ZFPM2-A,enhancer,CAGGCAGTTGACAGTTAGTT
ZFPM2-B,enhancer,TCTGAAGTCAGGGCTACAAC
ZFPM2-C,enhancer,AAACCTGATTGATTGATGTC
ZFPM2-D,enhancer,GGCTTTTGCGATAGAAGATG
NT0,non-targeting,GCTGCATGGGGCGCGAATCA
NT1,non-targeting,GTGCACCCGGCTAGGACCGG
NT2,non-targeting,GTGTGCAACCTCCGCCGTTG
NT3,non-targeting,GCCCGAGCAGTGGCTCGCTA
NT4,non-targeting,GGTCAGGTAGAGGGATTGAG
NT5,non-targeting,GGAGGACGATCGTACTCCAG
NT6,non-targeting,GTATGGAGGGCTGGATCTGC
NT7,non-targeting,GCCTTGGCTAAACCGCTCCC
NT8,non-targeting,GGAGTCGGGTAAATAGACAA
NT9,non-targeting,GAGTGGACGACCCTGTCAGG
NT10,non-targeting,GTATCGGTCTGTACGGGTAG
NT11,non-targeting,GTGGTACGGGGCCGGCCTGT
NT12,non-targeting,GCAGTCGCCGCGCATCGGGC
NT13,non-targeting,GAGAGGTCGGATACGCTTCC
NT14,non-targeting,GGCCCTACATCGCTAGGCTA
NT15,non-targeting,GCGCCGGTTCCGTCGACTAG
NT16,non-targeting,GAGCAAGGTTCGGCAAAGCG
NT17,non-targeting,GCCAGTACTGACAGCCTTAT
NT18,non-targeting,GGTCGCCGTAGGGTCCGCCA
NT19,non-targeting,GCTAGAATGGTTGCGCGAAC
NT20,non-targeting,GAGCCTAACGATCGGACCGA
NT21,non-targeting,GCCGCTCCATCAGACTTTCT
NT22,non-targeting,GCTACGCCCGGGGGAAAAGA
NT23,non-targeting,GCAGGAGCTAAGGGTCCCGT
NT24,non-targeting,GTACTCCCCGAATGCAGCGG
NT25,non-targeting,GAGGCCGCAAACCGCGTGCG
NT26,non-targeting,GAGCCTCTTGGTTCCATGGA
NT27,non-targeting,GCTCCCCCGCTTCACTTGGG
NT28,non-targeting,GGTGGCCTTTGCAATTGGCG
NT29,non-targeting,GCGCTAGGAAACCAACAAGG
